episode,loss,reward,distance,num_vehicles,customers_served
1,,-9049.395102138054,4543.951021380549,10,101
2,-inf,-9449.318027044203,3543.1802704420197,8,101
3,inf,-8299.311293715462,4043.11293715462,10,101
4,-inf,-9670.788926626581,4257.889266265813,11,101
5,-inf,-10163.586062714196,4685.860627141954,10,101
6,-inf,-10065.463741623973,3704.6374162397306,8,101
7,inf,-8729.75338445535,3847.5338445535194,9,101
8,-inf,-10098.867402115939,5038.674021159384,10,101
9,inf,-9131.287520796805,4362.875207968049,10,101
10,-inf,-9467.133829055334,4721.338290553337,10,101
11,inf,-9064.579612139718,4695.796121397181,10,101
12,-inf,-9651.927606802235,4569.2760680223555,10,101
13,-inf,-10334.120111309325,3391.201113093247,8,101
14,inf,-5338.516672434052,3935.166724340528,11,101
15,-inf,-9914.86368128571,5198.6368128570975,10,101
16,-inf,-9573.799857276252,4787.998572762526,10,101
17,-inf,-10062.041893550277,4670.418935502763,10,101
18,-inf,-9500.84757267103,4058.475726710299,10,101
19,-inf,-10046.670073864989,3516.7007386498985,8,101
20,-inf,-9915.579012005299,4205.790120052993,10,101
21,inf,-9205.633128785295,4106.331287852961,10,101
22,inf,-9234.935491064185,3899.354910641843,9,101
23,inf,-9300.108379313811,3551.083793138117,9,101
24,-inf,-10055.922311366723,4609.223113667234,10,101
25,inf,-8599.077813565264,3540.77813565264,9,101
26,-inf,-10127.203056125501,3822.030561255021,9,101
27,inf,-7576.135382261598,4311.35382261598,11,101
28,inf,-8691.394428616399,3463.944286163983,9,101
29,-inf,-9344.872206199427,3498.722061994257,8,101
30,inf,-8883.932224454755,3389.32224454755,9,101
31,inf,-8390.58262297216,3455.826229721611,9,101
32,inf,-8910.621105923745,4156.211059237445,10,101
33,inf,-8759.34417073537,4143.44170735371,11,101
34,-inf,-9056.310938904964,4113.109389049648,11,101
35,inf,-7209.50574937266,4145.057493726605,10,101
36,inf,-8828.198254875539,4331.982548755386,10,101
37,inf,-8669.51037832159,4745.1037832159145,10,101
38,-inf,-8908.431459883337,3634.3145988333695,9,101
39,-inf,-9249.926618836675,3549.266188366748,8,101
40,inf,-8741.643822367367,3466.4382236736656,8,101
41,-inf,-8998.77881298918,3537.7881298917946,9,101
42,-inf,-9460.539215918176,4155.3921591817525,11,101
43,-inf,-10065.2858419359,4702.8584193589895,10,101
44,inf,-9018.5325180162,4235.325180161999,10,101
45,inf,-8307.507950010184,4125.07950010184,10,101
46,-inf,-9047.752147188163,4527.521471881637,10,101
47,-inf,-9850.466018774709,3554.6601877470803,8,101
48,-inf,-9148.528571780684,3535.285717806835,8,101
49,-inf,-9496.768478540283,3517.684785402834,9,101
50,inf,-8500.76722353873,3557.672235387302,9,101
51,inf,-8629.513935007764,3845.1393500776426,9,101
52,-inf,-9109.970396600278,4149.7039660027785,10,101
53,inf,-8495.60501703994,4506.0501703994005,11,101
54,-inf,-9393.719990551299,3987.1999055129963,10,101
55,-inf,-9536.566499455437,4415.664994554367,10,101
56,inf,-8932.788492939075,3377.884929390739,8,101
57,inf,-8456.463824910474,4614.6382491047425,10,101
58,inf,-6404.169570970078,4091.6957097007853,10,101
59,inf,-8528.10711550472,4331.071155047195,10,101
60,inf,-5094.817843413806,3998.178434138065,10,101
61,inf,-5523.393306991444,4283.93306991444,10,101
62,inf,-7514.90223817888,4199.022381788805,10,101
63,-inf,-10004.178563285883,3591.785632858828,9,101
64,-inf,-9348.725398415903,3537.2539841590346,8,101
65,inf,-7699.467822449627,4044.678224496275,10,101
66,inf,-4713.356660210148,4183.566602101485,10,101
67,inf,-6699.59801302465,4045.980130246498,10,101
68,-inf,-9745.525907438187,3505.259074381875,8,101
69,-inf,-9875.576762413813,4805.767624138132,10,101
70,inf,-5211.68225904322,4166.8225904322035,10,101
71,-inf,-9944.602066001262,3496.020660012621,8,101
72,-inf,-9971.158727682528,4761.587276825281,10,101
73,-inf,-9988.182896830785,4931.828968307847,10,101
74,-inf,-8973.836704724234,3288.3670472423337,9,101
75,-inf,-9659.489270589296,4644.892705892952,10,101
76,-inf,-9764.729290890598,4197.292908905987,11,101
77,-inf,-9538.462403529527,3934.624035295267,9,101
78,inf,-4897.584840541756,4025.848405417567,10,101
79,-inf,-8922.874722929853,4278.7472292985385,10,101
80,-inf,-9622.471669634007,4274.716696340078,10,101
81,-inf,-10306.748769875885,3617.4876987588586,9,101
82,-inf,-9104.776796530272,4097.76796530272,10,101
83,inf,-7311.7154682344535,4167.154682344534,10,101
84,inf,-6525.945613089253,4309.4561308925295,10,101
85,-inf,-8575.066707748445,3300.6670774844456,9,101
86,inf,-5508.808088908378,4138.080889083779,10,101
87,-inf,-8774.714493941921,3297.1449394192086,9,101
88,-inf,-9666.87277960326,4218.727796032598,11,101
89,-inf,-9803.448406362944,4584.48406362944,11,101
90,-inf,-9226.188996365732,3811.889963657325,9,101
91,-inf,-10066.566250106276,4715.662501062752,10,101
92,-inf,-9373.248940121217,4282.489401212166,11,101
93,inf,-5801.1693121523285,4061.693121523287,10,101
94,-inf,-9189.312210706292,4443.12210706292,11,101
95,-inf,-9515.217955374692,4202.179553746923,10,101
96,-inf,-8963.986977132294,4689.86977132294,10,101
97,-inf,-10032.417330607543,4374.17330607543,10,101
98,inf,-7999.11280854633,3541.128085463302,9,101
99,-inf,-9784.09520016439,4890.952001643881,10,101
100,-inf,-10039.657805872932,4446.578058729313,10,101
101,inf,-8559.667136682767,3646.671366827668,10,101
102,inf,-8247.771609263684,4527.716092636836,10,101
103,-inf,-8947.52494275916,4025.249427591604,11,101
104,-inf,-8900.361725442472,4053.617254424708,10,101
105,inf,-8717.55157012822,4225.515701282192,10,101
106,inf,-8462.570497551833,4175.704975518334,11,101
107,inf,-8590.90994137095,3959.099413709502,10,101
108,-inf,-8980.24136118009,4352.41361180089,11,101
109,-inf,-9249.830872360262,4048.3087236026213,11,101
110,inf,-8714.245479201292,4192.454792012915,10,101
111,-inf,-10273.977122353584,3789.771223535849,8,101
112,-inf,-9878.635494573527,4836.354945735267,10,101
113,-inf,-10246.860930538334,4518.609305383346,10,101
114,inf,-5697.7483769644805,4027.4837696448044,10,101
115,-inf,-9809.245103166439,3642.4510316643796,9,101
116,inf,-5770.6090865808565,4256.090865808566,11,101
117,inf,-5543.540141968322,3985.401419683223,11,101
118,-inf,-10106.319853423574,3613.1985342357357,9,101
119,inf,-8311.299680628616,3662.9968062861585,9,101
120,-inf,-9154.309473886948,4093.0947388694804,11,101
121,-inf,-9245.4262262104,3504.262262104009,8,101
122,inf,-8495.906412936938,3509.06412936938,9,101
123,-inf,-9323.324731369346,3783.2473136934564,9,101
124,-inf,-9513.185774576781,3681.857745767802,9,101
125,-inf,-9451.11518543927,4561.151854392706,10,101
126,inf,-7918.415109299744,4234.151092997439,10,101
127,inf,-8620.286479924393,3752.8647992439223,9,101
128,-inf,-8977.34573995593,4823.457399559309,10,101
129,-inf,-9510.771460058451,4157.7146005845125,10,101
130,inf,-8422.763866409208,4277.638664092087,10,101
131,inf,-7668.926916421893,4239.269164218931,11,101
132,-inf,-8923.941069278768,4289.410692787681,10,101
133,-inf,-9835.600550477835,4406.005504778356,10,101
134,-inf,-9060.560308804977,4655.603088049775,10,101
135,-inf,-10476.408070889278,4814.080708892781,10,101
136,inf,-5256.596983722898,4115.969837228978,11,101
137,-inf,-9298.83488216936,4038.3488216936034,10,101
138,-inf,-9313.056460660904,4180.564606609048,10,101
139,-inf,-9778.944013258504,3339.4401325850445,9,101
140,-inf,-9233.669528678336,4886.695286783359,11,101
141,-inf,-9623.051154981675,4280.511549816751,10,101
142,inf,-8613.486992949234,4184.869929492347,10,101
143,inf,-8296.802325080203,3518.0232508020404,9,101
144,-inf,-9014.024874051862,4190.248740518623,10,101
145,inf,-8547.245306191207,4522.4530619120715,10,101
146,-inf,-9998.956068514413,3539.5606851441344,9,101
147,-inf,-9147.724234575262,5027.242345752616,11,101
148,inf,-8833.41421843092,3884.1421843092007,11,101
149,-inf,-9943.755478020063,3487.554780200623,8,101
150,inf,-5200.370423604161,4053.704236041618,10,101
151,inf,-8628.99953390568,4839.995339056804,11,101
152,-inf,-9746.809039048529,4518.090390485291,10,101
153,inf,-7716.376464396031,4213.764643960301,10,101
154,-inf,-10007.158044778089,4621.580447780884,9,101
155,inf,-7876.5271356708745,4315.271356708747,11,101
156,-inf,-9476.79347203064,3817.934720306413,10,101
157,-inf,-8841.046781304914,3460.467813049153,8,101
158,inf,-7541.518116605965,3965.181166059644,11,101
159,-inf,-10030.495301763365,4354.953017633652,10,101
160,inf,-8356.51098705532,4115.10987055321,11,101
161,-inf,-9983.965221168884,4889.65221168885,10,101
162,inf,-8397.604491117243,4026.04491117242,10,101
163,inf,-8702.046382718108,3570.4638271810827,9,101
164,-inf,-9487.442871309353,3424.4287130935368,9,101
165,-inf,-9604.970910946426,4099.70910946426,10,101
166,inf,-5996.695401039497,4516.954010394965,11,101
167,-inf,-9573.217946587212,4782.17946587213,10,101
168,-inf,-10144.87524198686,4498.752419868598,10,101
169,-inf,-10246.497867852278,3514.9786785227902,8,101
170,inf,-7442.5225464970135,3975.2254649701395,11,101
171,-inf,-9854.742529991856,4597.425299918557,10,101
172,inf,-8903.063589095018,3580.6358909501737,9,101
173,-inf,-9102.135204521153,4071.352045211535,10,101
174,-inf,-9918.63057168015,4236.3057168015075,10,101
175,inf,-8898.916708046152,4539.167080461513,11,101
176,-inf,-9289.270291618275,3942.7029161827445,10,101
177,-inf,-9203.804467498481,4088.044674984822,10,101
178,-inf,-9311.757746050362,4167.57746050361,10,101
179,inf,-9035.478440308361,4404.784403083607,10,101
180,-inf,-9511.817440558088,3668.1744055808904,9,101
181,-inf,-9332.10122578547,3871.0122578547134,9,101
182,inf,-9136.242085436983,4412.420854369823,10,101
183,-inf,-9684.98191554641,3899.819155464109,10,101
184,inf,-8398.28289835125,4032.8289835124924,10,101
185,-inf,-9480.180467140885,4351.804671408843,11,101
186,-inf,-9799.897469213378,3548.974692133783,9,101
187,-inf,-10092.408759276324,4974.087592763236,10,101
188,-inf,-10019.531881585366,3245.318815853668,8,101
189,-inf,-9415.532053843988,4205.3205384398925,10,101
190,-inf,-9724.750430308983,4297.504303089832,10,101
191,inf,-8261.872844037323,4668.72844037324,10,101
192,-inf,-10388.540436098361,4935.404360983614,10,101
193,inf,-5511.2094514499395,4162.094514499397,10,101
194,-inf,-9856.796951702145,4617.969517021448,10,101
195,inf,-8908.092148467233,4130.921484672316,10,101
196,-inf,-9670.476451574308,4254.7645157430725,11,101
197,-inf,-9548.280688569597,3532.8068856959676,8,101
198,inf,-9063.301478428806,4183.014784288058,11,101
199,-inf,-9273.376524125462,4783.765241254632,10,101
200,inf,-8974.914342695858,4799.143426958572,10,101
201,-inf,-9350.438450991152,4554.38450991152,10,101
202,inf,-8418.882429818383,4238.8242981838175,10,101
203,-inf,-9344.750945510466,3497.5094551046736,8,101
204,inf,-8558.613935415622,4136.139354156216,11,101
205,inf,-8825.430725949933,4304.307259499325,10,101
206,inf,-8442.01464440052,4470.146444005205,10,101
207,-inf,-9414.465181766049,4194.651817660479,10,101
208,inf,-8428.128558191629,4331.285581916298,10,101
209,-inf,-9856.33167255454,5113.3167255453845,11,101
210,-inf,-9989.767449732548,3947.6744973254717,10,101
211,inf,-8863.108841079495,4181.088410794953,11,101
212,-inf,-9217.6812112628,4226.8121126279975,10,101
213,-inf,-9242.627841890211,3476.278418902109,8,101
214,-inf,-9552.296340026069,4572.963400260682,10,101
215,-inf,-9816.795338271932,4717.953382719315,11,101
216,-inf,-9321.546752467235,4265.467524672347,10,101
217,inf,-7330.517301168072,3855.1730116807194,11,101
218,-inf,-9413.896617157548,4188.966171575476,10,101
219,-inf,-9922.98080868651,3279.8080868651073,8,101
220,-inf,-10032.730985520899,3377.3098552089823,8,101
221,inf,-8608.52978618844,3635.297861884396,9,101
222,-inf,-9890.644976927711,4956.449769277114,10,101
223,inf,-8215.242628898139,4702.426288981383,11,101
224,-inf,-9905.707802419201,3607.078024192023,9,101
225,-inf,-9837.670899740417,3426.7089974041583,8,101
226,inf,-8006.714144310001,4117.141443099997,10,101
227,inf,-8757.996368514609,4629.963685146084,10,101
228,-inf,-10160.489975103508,3654.8997510350814,8,101
229,-inf,-9915.592673646855,4705.926736468551,11,101
230,-inf,-9764.879473135126,4698.794731351258,10,101
231,inf,-7003.747830582295,4087.4783058229477,10,101
232,-inf,-9196.471829226537,5014.718292265367,10,101
233,inf,-8874.869533619478,4298.695336194777,11,101
234,-inf,-9669.167871989182,4741.678719891822,10,101
235,-inf,-9853.821989829432,4588.21989829432,10,101
236,inf,-8862.050472190162,4670.50472190161,10,101
237,inf,-6514.755073297009,4197.550732970091,10,101
238,-inf,-9570.375092034943,4253.750920349431,11,101
239,-inf,-9993.747405381535,3487.4740538153396,9,101
240,-inf,-9603.131318182619,3581.3131818261836,9,101
241,-inf,-9659.353917129138,3643.539171291367,8,101
242,-inf,-9479.563411073646,3845.6341107364556,10,101
243,inf,-9211.107475586696,4161.074755866951,10,101
244,inf,-8097.699380150305,4026.9938015030593,10,101
245,-inf,-9429.99853624993,4349.9853624993075,10,101
246,inf,-5804.117726377328,4091.1772637732824,10,101
247,-inf,-9710.499011340671,4154.990113406705,10,101
248,-inf,-9259.42869701458,4144.286970145801,11,101
249,inf,-8708.505329092837,4135.053290928372,10,101
250,inf,-5405.220941281163,4102.2094128116305,10,101
251,-inf,-9492.890690518363,3478.906905183634,9,101
252,-inf,-8981.805937702422,4368.0593770242185,11,101
253,inf,-8658.627813473313,4136.27813473313,11,101
254,-inf,-9425.823763886923,4308.237638869227,10,101
255,-inf,-10102.810439607438,5078.104396074383,10,101
256,inf,-8760.180866411732,4651.808664117331,10,101
257,-inf,-9479.95069333723,4349.506933372307,11,101
258,inf,-8536.677613519516,4416.776135195153,10,101
259,-inf,-9723.13673562273,4281.367356227289,10,101
260,inf,-7098.674861733508,4036.7486173350803,10,101
261,-inf,-9434.680411927588,4396.804119275878,10,101
262,-inf,-8988.159151110973,3431.591511109731,9,101
263,inf,-6598.495284970821,4034.9528497082056,10,101
264,-inf,-9499.543340961034,5045.4334096103385,10,101
265,-inf,-8879.842521952196,4848.425219521967,10,101
266,-inf,-9300.601233815845,4056.0123381584467,10,101
267,-inf,-9295.03339004939,3500.3339004939,9,101
268,inf,-8818.396371591538,4233.963715915387,10,101
269,inf,-8174.041614206137,4290.41614206137,11,101
270,-inf,-9782.728041607477,3377.280416074778,9,101
271,inf,-8659.394827745044,4143.948277450429,11,101
272,-inf,-9952.3612488632,3573.6124886320104,8,101
273,inf,-7971.253931981419,4262.539319814192,11,101
274,-inf,-9171.669614324084,4766.696143240834,10,101
275,-inf,-9195.677209161368,4006.772091613668,10,101
276,-inf,-9780.794407820951,3357.944078209504,9,101
277,-inf,-9520.617690462848,4756.176904628491,9,101
278,-inf,-9315.622132167215,4206.221321672139,10,101
279,-inf,-9144.481440650074,4494.814406500746,10,101
280,inf,-6254.706789920549,4097.0678992054945,11,101
281,-inf,-10043.911827122382,3489.1182712238237,8,101
282,-inf,-9423.21710501539,4782.171050153901,11,101
283,-inf,-10074.591878582525,4795.918785825254,10,101
284,-inf,-9724.909829630753,4299.098296307527,10,101
285,-inf,-9732.713292128774,4377.132921287742,10,101
286,inf,-8637.624334998029,4426.243349980286,10,101
287,-inf,-9275.983726066144,4809.837260661444,10,101
288,-inf,-9961.204156642507,3662.041566425062,8,101
289,inf,-9204.281541797258,4092.8154179725757,10,101
290,-inf,-9758.429693644113,3634.296936441124,8,101
291,inf,-8703.918002469394,4089.180024693944,10,101
292,-inf,-9498.302426334587,4033.0242633458747,10,101
293,-inf,-9929.068978362047,4340.6897836204835,10,101
294,inf,-8513.639206584954,4186.392065849541,10,101
295,inf,-8600.723976198718,3557.239761987189,9,101
296,inf,-6172.37399429683,4273.739942968292,11,101
297,-inf,-9547.842495489498,3528.4249548949774,8,101
298,-inf,-9970.115304187111,4751.15304187112,10,101
299,inf,-7098.247349037997,4032.473490379968,10,101
300,-inf,-9696.039498381358,4010.3949838135895,10,101
301,-inf,-9169.977954886748,4249.779548867477,11,101
302,inf,-5126.694055369315,4316.940553693144,10,101
303,-inf,-9862.780356938663,4677.803569386631,10,101
304,-inf,-9931.067169707556,4360.67169707555,10,101
305,-inf,-8871.835315674462,4768.353156744617,10,101
306,inf,-6543.9328732574395,4489.328732574394,10,101
307,-inf,-8686.015466857503,4910.154668575036,10,101
308,-inf,-9017.547958672729,4225.479586727291,10,101
309,-inf,-9213.682039095202,4186.820390952024,10,101
310,-inf,-9812.979844387235,4179.798443872359,10,101
311,-inf,-9914.585175051121,4195.851750511212,10,101
312,-inf,-9357.998103475573,3629.9810347557313,8,101
313,-inf,-9796.295503426869,3512.955034268696,9,101
314,-inf,-10298.745838934467,3537.458389344662,9,101
315,inf,-8486.770353991338,3417.703539913384,9,101
316,inf,-8892.912511307277,4979.125113072775,10,101
317,inf,-8967.49603850154,4224.960385015392,11,101
318,-inf,-9337.383542275149,3423.8354227514833,8,101
319,inf,-8856.388025015247,4613.880250152466,10,101
320,inf,-8364.560548092495,4695.605480924947,10,101
321,inf,-8736.114335281036,4411.143352810355,10,101
322,-inf,-9462.220120140728,4672.201201407284,10,101
323,-inf,-9757.652366857146,4626.523668571471,10,101
324,-inf,-9140.372356547614,4453.7235654761425,10,101
325,inf,-8751.252180894566,3562.5218089456534,8,101
326,inf,-5002.445650809328,4074.4565080932807,10,101
327,-inf,-9101.190375262937,3561.9037526293705,9,101
328,-inf,-9980.29646013593,4852.964601359299,10,101
329,-inf,-9872.944125209207,3279.4412520920655,9,101
330,-inf,-9044.562885583247,3495.6288558324686,8,101
331,inf,-6915.55332352217,4205.533235221706,10,101
332,inf,-6792.83539649212,3978.353964921196,10,101
333,-inf,-9405.528405491965,3605.28405491965,9,101
334,-inf,-10092.9517289026,4979.517289026006,10,101
335,-inf,-9995.122177625304,3501.221776253038,9,101
336,-inf,-9123.213459030101,4282.134590301004,10,101
337,inf,-5602.6519880708165,4076.519880708169,10,101
338,inf,-7294.8537890628995,3998.5378906289934,10,101
339,-inf,-9225.75995585695,4307.599558569501,10,101
340,inf,-8155.764766075994,3607.647660759936,8,101
341,-inf,-10093.82198500222,3488.219850022197,9,101
342,-inf,-9509.676531918738,3646.765319187374,9,101
343,-inf,-10165.195536041498,3701.9553604149824,8,101
344,-inf,-9421.083937773383,4760.839377733837,11,101
345,inf,-5610.768267444775,4157.682674447746,10,101
346,-inf,-8652.673088528547,4576.730885285478,10,101
347,-inf,-8908.981898872295,4139.818988722947,10,101
348,-inf,-9190.149800193443,4451.498001934427,11,101
349,inf,-5313.696821662803,4186.968216628033,10,101
350,inf,-8168.0505370448955,4730.50537044895,10,101
351,-inf,-9418.51742630397,4235.174263039699,10,101
352,-inf,-9098.719025897355,4037.190258973558,10,101
353,-inf,-9290.10441961648,3951.044196164799,10,101
354,-inf,-9849.470843960784,3544.708439607842,8,101
355,inf,-8259.510764725655,4645.107647256558,10,101
356,inf,-7968.0605333007625,4230.605333007635,11,101
357,inf,-4803.106962062615,4081.0696206261514,10,101
358,-inf,-9991.469668415502,3464.6966841550193,9,101
359,-inf,-9789.574857567824,3445.7485756782435,9,101
360,-inf,-8906.904796736328,4119.047967363276,10,101
361,-inf,-9027.963180200664,4329.631802006646,10,101
362,-inf,-9562.381521269712,3173.815212697114,9,101
363,-inf,-10077.074063009864,4820.740630098646,10,101
364,-inf,-9875.702320137778,4307.023201377776,11,101
365,-inf,-9483.206900628491,4882.069006284916,10,101
366,inf,-8795.134224485431,4001.342244854317,10,101
367,-inf,-9311.635542258009,3666.3554225800913,9,101
368,inf,-8912.811567169621,3678.1156716962105,9,101
369,-inf,-9361.39717173743,4663.971717374296,10,101
370,-inf,-9473.839441752638,3788.3944175263855,10,101
371,-inf,-10214.051396630199,3690.5139663019904,9,101
372,-inf,-9394.372888984462,3493.728889844624,9,101
373,-inf,-10035.091236639164,3400.912366391638,8,101
374,inf,-9014.409006696584,4194.09006696583,10,101
375,-inf,-9418.439569257062,4234.395692570618,10,101
376,inf,-9187.503320468795,4425.033204687946,11,101
377,inf,-9099.807111022054,3548.0711102205314,9,101
378,inf,-8075.867721511644,4808.677215116435,10,101
379,-inf,-10057.007713851388,3620.0771385138714,8,101
380,-inf,-10087.061285044156,3420.612850441558,9,101
381,inf,-7438.36106750584,3933.610675058396,11,101
382,-inf,-9372.40402767102,4774.040276710206,10,101
383,-inf,-9938.257426738513,3432.5742673851423,8,101
384,inf,-7815.833914438919,4208.3391443891915,10,101
385,-inf,-9319.301005481306,4243.010054813048,10,101
386,inf,-8430.493834275108,3354.9383427510897,8,101
387,-inf,-9218.765075139176,4237.650751391757,10,101
388,inf,-6922.100659977523,4271.006599775227,10,101
389,-inf,-9781.986831002578,4869.868310025771,10,101
390,-inf,-9689.070387559981,3440.7038755998087,9,101
391,inf,-8733.234406385018,4382.344063850174,10,101
392,inf,-8088.197054146776,3431.970541467762,9,101
393,-inf,-9675.19570912161,4801.957091216104,10,101
394,-inf,-10176.34482214125,3313.448221412489,9,101
395,-inf,-9450.464200476765,3554.642004767653,8,101
396,inf,-8051.855316896872,4568.553168968724,10,101
397,inf,-7150.641002004893,4056.4100200489293,11,101
398,inf,-8794.18968059131,3991.896805913091,10,101
399,-inf,-10244.948531290305,3499.485312903046,8,101
400,-inf,-9551.603455054405,4566.034550544047,10,101
401,-inf,-9968.817380507811,4738.173805078112,10,101
402,-inf,-10005.997297142649,4609.972971426485,9,101
403,inf,-8822.932840931606,4279.328409316065,10,101
404,-inf,-10266.674392383917,4716.743923839177,10,101
405,inf,-7180.157928625382,3851.5792862538187,10,101
406,inf,-7957.731432574865,4127.314325748652,11,101
407,inf,-8533.117458508901,4381.174585089015,10,101
408,-inf,-9851.590813157463,3565.9081315746334,8,101
409,inf,-8755.650249396826,3606.502493968263,8,101
410,-inf,-10239.813048044898,3448.130480448983,8,101
411,-inf,-9705.550954884171,4105.509548841715,10,101
412,inf,-9079.216927611662,4842.169276116623,10,101
413,inf,-9093.444740701372,3484.44740701373,9,101
414,inf,-8659.9797512969,4149.797512969004,11,101
415,inf,-8777.010965814181,4820.109658141817,10,101
416,-inf,-9489.840178625273,3448.4017862527317,9,101
417,-inf,-9590.439587936562,3954.3958793656298,10,101
418,inf,-8314.601530136108,4196.01530136108,10,101
419,-inf,-9397.962153273107,3529.6215327310647,9,101
420,inf,-8266.414606658442,4214.146066584417,11,101
421,-inf,-9600.110573716798,4051.105737167986,10,101
422,inf,-8807.50392884613,3625.039288461309,9,101
423,inf,-8718.634385881202,4236.343858812021,10,101
424,-inf,-9269.4312150236,3744.3121502360073,10,101
425,inf,-8374.96548121751,4299.654812175102,11,101
426,-inf,-9202.142497081859,4071.4249708185826,10,101
427,-inf,-9656.595184629918,4615.951846299183,10,101
428,-inf,-9413.867722209117,4188.677222091168,10,101
429,inf,-7161.757101021552,4167.571010215523,11,101
430,-inf,-9174.59295361159,4795.929536115898,10,101
431,inf,-5517.163024334961,4221.630243349606,10,101
432,-inf,-9417.513052922268,4225.13052922268,10,101
433,-inf,-9979.300185303913,4843.001853039139,10,101
434,-inf,-10058.308369527575,3633.083695275753,8,101
435,inf,-5957.403564892005,4124.035648920052,11,101
436,inf,-8261.272843224626,4162.728432246268,11,101
437,-inf,-8780.083580203052,3850.8358020305345,10,101
438,-inf,-9883.092447664447,4880.924476644477,10,101
439,-inf,-9856.680986487525,3616.8098648752402,8,101
440,-inf,-9943.182352667427,3481.823526674264,8,101
441,-inf,-10139.307422607177,3443.0742260717566,8,101
442,-inf,-9395.177608252849,3501.776082528496,9,101
443,-inf,-9708.047124322344,3630.4712432234405,9,101
444,-inf,-10061.850066675555,3668.500666755553,8,101
445,inf,-8226.86146312602,3318.6146312602036,8,101
446,-inf,-9226.215386433223,3312.1538643322265,8,101
447,-inf,-9997.996918874132,4029.969188741323,10,101
448,inf,-8864.21661433622,4692.166143362194,10,101
449,-inf,-9303.533492455741,3585.334924557412,9,101
450,inf,-8462.108381126667,3671.083811266673,8,101
451,-inf,-9639.009402629885,4440.0940262988415,10,101
452,-inf,-9388.459807755537,4934.598077555358,10,101
453,-inf,-9666.34871153838,3713.4871153837944,8,101
454,-inf,-9866.680874987847,4716.8087498784835,10,101
455,-inf,-9916.995326027329,4219.9532602732925,10,101
456,inf,-9167.2301310871,4722.301310870998,10,101
457,inf,-9210.508476556926,4155.084765569259,10,101
458,inf,-8820.214011754542,4252.140117545427,10,101
459,-inf,-9718.145498822581,4231.454988225824,10,101
460,inf,-9115.150819132965,4201.508191329653,10,101
461,inf,-8764.591570272416,3695.915702724156,8,101
462,-inf,-9262.098872213284,4670.988722132839,10,101
463,-inf,-9863.547828087361,4685.478280873622,10,101
464,-inf,-9680.41045148968,4854.104514896807,10,101
465,inf,-9078.513866646705,4835.138666467044,10,101
466,-inf,-9889.819953402517,3448.1995340251674,9,101
467,-inf,-10303.508179166689,3585.0817916668802,9,101
468,inf,-9464.12232769451,4691.223276945088,10,101
469,-inf,-9497.294304158007,4022.943041580074,10,101
470,-inf,-9666.902535782634,4719.025357826337,10,101
471,-inf,-10073.193250368324,4781.932503683246,10,101
472,inf,-9175.45081126579,3304.5081126578875,9,101
473,-inf,-10012.427732128328,3674.2773212832853,9,101
474,inf,-8985.448278259752,4904.482782597521,10,101
475,-inf,-9510.629812351504,3656.2981235150455,9,101
476,-inf,-9956.781097409515,3617.8109740951486,8,101
477,inf,-8332.850584517211,4378.505845172108,10,101
478,inf,-8124.419700628103,4294.19700628102,10,101
479,inf,-4735.33851837248,4403.385183724801,10,101
480,-inf,-9715.787984628625,4707.879846286255,9,101
481,inf,-4992.657056562706,3976.5705656270657,10,101
482,inf,-5449.726567599384,4047.2656759938363,11,101
483,-inf,-8607.612886784875,4126.128867848738,10,101
484,-inf,-9162.113516597266,4171.135165972664,11,101
485,-inf,-10232.394598420276,4373.945984202757,10,101
486,-inf,-10046.98010970394,4519.801097039398,10,101
487,-inf,-9203.075031210095,3580.7503121009518,9,101
488,-inf,-9785.327195666303,4903.271956663034,10,101
489,-inf,-9508.053123363996,4130.531233639949,10,101
490,inf,-4937.50418644171,3925.041864417099,11,101
491,-inf,-9553.359464193029,4083.5946419302904,11,101
492,-inf,-9444.743572447136,3497.4357244713624,8,101
493,-inf,-9900.056854167267,5050.568541672675,10,101
494,-inf,-10030.63930663208,3856.3930663207975,9,101
495,inf,-8677.602842998263,4326.028429982638,11,101
496,inf,-5032.3230922585935,4373.23092258593,10,101
497,-inf,-9791.813978788088,3968.139787880881,10,101
498,-inf,-9363.639731307016,4686.397313070162,10,101
499,-inf,-9035.999313421304,3909.9931342130303,11,101
500,-inf,-9340.816770201067,3458.1677020106667,8,101
501,inf,-5402.100473753471,4071.004737534707,10,101
502,-inf,-9304.044967848426,3590.4496784842636,9,101
503,-inf,-9653.429048959764,4584.29048959764,10,101
504,-inf,-9648.936752484427,3539.3675248442696,8,101
505,inf,-8103.747175521308,3587.4717552130833,9,101
506,-inf,-10002.813090892174,5078.130908921731,10,101
507,-inf,-9006.855622395884,4118.556223958837,10,101
508,-inf,-9797.330598877874,3523.305988778733,9,101
509,-inf,-9360.245561132733,3652.455611327339,8,101
510,inf,-6898.013492761556,4030.134927615563,10,101
511,-inf,-9817.696569504007,4226.965695040076,10,101
512,-inf,-9219.77559703486,4247.755970348601,10,101
513,-inf,-10014.139343114031,3691.3934311403123,9,101
514,inf,-7073.360630878455,3783.6063087845473,10,101
515,-inf,-9574.084135916988,4790.841359169879,10,101
516,-inf,-9976.168555511744,4811.685555117441,10,101
517,inf,-8966.208509440497,4712.085094404973,10,101
518,-inf,-9554.755831357837,4597.5583135783745,10,101
519,-inf,-9345.5681823242,3505.681823241999,8,101
520,-inf,-9747.515851435423,4525.15851435422,10,101
521,inf,-8620.970160972982,4259.701609729818,10,101
522,inf,-8675.933987292778,4309.339872927776,11,101
523,inf,-9050.883397905804,4058.833979058032,11,101
524,inf,-8665.966727275276,4709.667272752759,10,101
525,-inf,-9573.791962009465,3287.919620094646,9,101
526,inf,-8862.62688579646,4676.268857964615,10,101
527,-inf,-9903.223570621862,5082.235706218619,10,101
528,inf,-8377.392050609895,3823.9205060989543,10,101
529,-inf,-9410.92126209322,4159.212620932184,10,101
530,inf,-9050.219060895563,4052.190608955621,11,101
531,inf,-7040.588094642528,3955.880946425274,11,101
532,-inf,-9593.48435627832,3984.843562783208,10,101
533,-inf,-10002.739946064403,3577.399460644028,9,101
534,inf,-8994.06117641264,4490.611764126409,11,101
535,inf,-5329.733259604196,4347.332596041965,10,101
536,-inf,-9620.238753851772,4252.387538517723,10,101
537,inf,-7697.5284985409435,4025.2849854094407,10,101
538,-inf,-9920.040213923292,3250.4021392329155,8,101
539,-inf,-9210.673050606432,4656.730506064327,9,101
540,-inf,-9767.63891497307,4226.389149730696,11,101
541,-inf,-9571.029917434327,4760.299174343264,10,101
542,-inf,-9319.99831854709,4249.983185470894,10,101
543,inf,-5481.624136922859,4366.241369228587,11,101
544,-inf,-9736.881057287696,4418.810572876956,10,101
545,-inf,-9388.79905124741,3437.990512474089,9,101
546,-inf,-9298.153915847624,4031.539158476249,10,101
547,-inf,-9097.889576693478,4028.8957669347815,10,101
548,-inf,-9111.520557001106,4165.205570011066,10,101
549,inf,-6831.2335620549675,4362.335620549669,10,101
550,-inf,-8944.816605811353,3998.166058113531,11,101
551,-inf,-9908.108756701939,4131.087567019376,10,101
552,-inf,-8963.920723110508,4689.207231105087,10,101
553,-inf,-9281.364500835298,4363.645008352985,9,101
554,inf,-8698.390229208093,3533.902292080932,9,101
555,-inf,-10140.674556116157,4456.745561161575,10,101
556,inf,-8798.711376732677,4037.113767326769,10,101
557,-inf,-9997.600740582671,3526.007405826722,9,101
558,inf,-6106.87852577171,4118.785257717104,10,101
559,-inf,-9437.445236077949,4424.452360779485,10,101
560,inf,-8825.531664768163,4305.316647681627,10,101
561,-inf,-9507.892975349458,4128.929753494573,10,101
562,-inf,-9142.71513628824,4477.151362882403,10,101
563,inf,-8558.697924887887,4636.979248878871,10,101
564,inf,-8156.835460362512,4118.354603625125,11,101
565,-inf,-9522.845846651477,4278.458466514767,10,101
566,-inf,-9960.774045714697,4657.740457146981,10,101
567,-inf,-9909.240069486721,3642.400694867212,9,101
568,-inf,-9388.8772760568,4938.772760568016,10,101
569,-inf,-9158.365627305566,3633.6562730556598,8,101
570,inf,-8836.736745011054,3917.367450110544,11,101
571,-inf,-9267.454136235472,3724.541362354719,8,101
572,inf,-7071.19571315112,4261.957131511201,11,101
573,-inf,-9374.555891911283,3295.5589191128347,9,101
574,inf,-8475.321331807838,4303.2133180783785,11,101
575,inf,-8901.387260527346,4063.872605273457,10,101
576,inf,-8255.001201184043,4100.012011840419,11,101
577,-inf,-9818.390966923751,4233.909669237515,10,101
578,inf,-8873.37986669018,4783.7986669018055,10,101
579,-inf,-9110.148370583574,3651.4837058357407,9,101
580,inf,-6733.014884289538,4380.148842895376,10,101
581,inf,-8677.903390697347,4829.03390697348,10,101
582,-inf,-10155.247320944203,4602.473209442028,10,101
583,-inf,-9569.381277587008,4243.812775870076,11,101
584,inf,-8862.500050594499,4675.000505944986,10,101
585,inf,-6300.73059765092,4057.3059765092016,10,101
586,-inf,-9700.449259027817,4054.4925902781715,10,101
587,-inf,-9126.419832418233,4314.198324182319,10,101
588,-inf,-9036.103314811466,4411.033148114659,10,101
589,inf,-7100.0878889146725,4050.8788891467234,10,101
590,-inf,-8895.804599658279,4508.045996582792,11,101
591,-inf,-9262.566839656312,3675.6683965631246,8,101
592,inf,-8719.696313282002,4246.963132820021,10,101
593,-inf,-10098.196723058665,4531.967230586659,11,101
594,-inf,-9322.566442449672,4275.664424496714,10,101
595,-inf,-9757.696692583862,3626.9669258386284,8,101
596,-inf,-9008.639188487532,4136.391884875321,10,101
597,-inf,-9748.987757154016,4539.877571540154,10,101
598,-inf,-9770.656752975443,4756.5675297544285,10,101
599,inf,-7269.124953874108,4241.249538741076,11,101
600,-inf,-9951.857901558937,3568.5790155893665,8,101
601,-inf,-9796.299601238436,3512.996012384348,9,101
602,-inf,-9554.718086959809,4097.180869598092,11,101
603,inf,-8418.293792415741,3732.937924157405,9,101
604,-inf,-9495.247358770033,4002.473587700323,10,101
605,-inf,-10068.869944614647,4738.699446146477,10,101
606,inf,-8392.69730926861,4976.973092686094,10,101
607,-inf,-9985.444989927066,3404.449899270654,9,101
608,inf,-8412.700176986607,4177.001769866066,10,101
609,-inf,-9402.02084996164,3570.2084996164044,9,101
610,-inf,-9865.232191603824,4702.321916038235,10,101
611,-inf,-9419.274798151815,3742.7479815181446,9,101
612,-inf,-10019.927902353518,3749.279023535188,9,101
613,inf,-8890.697986653462,3456.979866534618,9,101
614,-inf,-9409.262914003177,4142.629140031762,10,101
615,-inf,-9325.34584632107,4303.458463210699,10,101
616,inf,-7659.867421827005,3648.6742182700523,8,101
617,-inf,-9473.803229549012,3288.032295490117,9,101
618,inf,-8452.550326122848,3575.503261228469,8,101
619,-inf,-9529.66117532492,3346.611753249208,8,101
620,inf,-7215.052135385367,4200.521353853669,10,101
621,-inf,-9044.708436396293,3997.0843639629225,11,101
622,-inf,-9450.03258477216,4550.325847721592,10,101
623,-inf,-9079.457374448592,3344.573744485914,9,101
624,inf,-8338.717556695994,3937.175566959938,11,101
625,-inf,-9470.841990423907,3758.419904239076,10,101
626,-inf,-9007.32680533464,3623.2680533464045,9,101
627,-inf,-9021.339277358149,4263.392773581498,10,101
628,inf,-8782.171739582034,4871.717395820332,10,101
629,-inf,-9795.426016165147,3504.2601616514794,9,101
630,-inf,-9797.421626076175,5024.21626076175,10,101
631,inf,-8500.484232065788,4554.842320657888,11,101
632,-inf,-9825.528556644644,3805.2855664464287,9,101
633,-inf,-9510.543959790775,3655.4395979077613,9,101
634,inf,-8614.841929604936,3698.419296049356,9,101
635,-inf,-10147.068387912113,3520.6838791211303,8,101
636,-inf,-9701.923972359464,3569.2397235946346,9,101
637,-inf,-9677.785933599269,4827.859335992689,10,101
638,-inf,-9896.24739690391,4512.473969039099,11,101
639,-inf,-9499.216250137215,4042.162501372158,10,101
640,inf,-8587.160141432596,3921.6014143259627,10,101
641,-inf,-9874.194255178963,3291.942551789639,9,101
642,inf,-8807.286093095148,3622.860930951488,9,101
643,-inf,-10049.017208864809,3540.1720886480916,8,101
644,inf,-8311.32788317535,4163.278831753508,10,101
645,inf,-5198.358319209714,4033.5831920971414,10,101
646,inf,-5511.954062671011,4169.540626710115,10,101
647,-inf,-9775.228385590884,4302.283855908842,11,101
648,-inf,-9963.05320263567,3680.5320263567114,8,101
649,-inf,-9957.16005566486,3621.60055664859,8,101
650,inf,-6422.590776559042,4275.907765590419,10,101
651,-inf,-8936.808439602666,3418.0843960266666,8,101
652,-inf,-9684.74307176409,4897.4307176408865,10,101
653,-inf,-9311.436555804179,4164.365558041794,10,101
654,inf,-7915.043151386853,4200.431513868531,10,101
655,-inf,-8865.653735608908,3706.537356089086,10,101
656,-inf,-9192.116548688473,3471.1654868847277,9,101
657,inf,-8567.86136867555,4728.613686755501,10,101
658,inf,-8349.58434697473,4045.843469747308,11,101
659,-inf,-8961.331355984816,3663.3135598481585,8,101
660,-inf,-9028.48799985417,4334.879998541688,10,101
661,inf,-7422.965667747478,4279.656677474781,10,101
662,-inf,-8820.271898829922,4252.718988299216,10,101
663,-inf,-9975.296904794632,4802.969047946309,10,101
664,inf,-8506.327069945148,4113.270699451485,10,101
665,-inf,-10105.970677270449,3609.7067727044746,9,101
666,-inf,-9610.404225041213,4154.042250412122,10,101
667,inf,-8425.024749023127,4300.247490231263,10,101
668,inf,-7007.563178152445,4125.63178152445,10,101
669,inf,-8521.416094974189,4264.1609497418885,10,101
670,-inf,-9000.472705422188,5054.727054221886,10,101
671,inf,-8203.057938941245,3580.579389412445,9,101
672,-inf,-9844.165950359255,4491.659503592551,10,101
673,inf,-8773.544659132898,4785.446591328983,10,101
674,-inf,-9246.435784182828,3514.3578418282705,8,101
675,inf,-5749.347613216674,4043.4761321667397,11,101
676,-inf,-9619.527987180581,4245.27987180582,10,101
677,-inf,-9245.276804473171,3502.768044731701,8,101
678,-inf,-9766.39177231078,4213.9177231078,11,101
679,-inf,-8939.904815540413,4449.048155404116,10,101
680,-inf,-9188.136446185772,4931.364461857726,10,101
681,inf,-8813.818788768245,4688.187887682445,11,101
682,-inf,-8953.452436786718,3584.5243678671804,8,101
683,-inf,-10156.812393489636,4618.123934896352,10,101
684,inf,-8601.949225960516,3569.4922596051533,9,101
685,-inf,-10213.858466378886,3688.5846637888653,9,101
686,inf,-6792.303469331664,3973.034693316641,10,101
687,-inf,-9279.303599318302,3843.0359931830208,10,101
688,-inf,-9835.300310207305,3403.0031020730617,8,101
689,-inf,-9700.876287704019,4058.762877040188,10,101
690,inf,-8403.04362928657,4080.4362928657106,10,101
691,-inf,-9723.33719328319,4283.371932831911,10,101
692,inf,-8786.557702119226,3415.5770211922663,9,101
693,-inf,-9353.727433902572,4587.274339025715,10,101
694,-inf,-9553.287726537103,4582.877265371023,10,101
695,-inf,-9833.107286654766,4381.072866547646,10,101
696,-inf,-9201.041307163503,3560.4130716350287,9,101
697,inf,-5590.416824414885,3954.1682441488497,10,101
698,-inf,-8868.488535926059,4734.885359260588,10,101
699,-inf,-9789.543965493804,3445.4396549380317,9,101
700,-inf,-9492.730151930056,4477.301519300556,11,101
701,inf,-8642.456846457035,4474.568464570346,10,101
702,-inf,-9546.855184439852,4518.5518443985175,10,101
703,inf,-8995.404413044096,4004.04413044097,10,101
704,-inf,-10278.947003257403,4839.470032574031,10,101
705,-inf,-9307.008515556361,4120.085155563611,10,101
706,inf,-5760.190231856055,4151.9023185605465,11,101
707,-inf,-9971.136966963591,4761.369669635914,10,101
708,-inf,-9149.313391927459,3543.133919274592,8,101
709,inf,-5115.611650451732,4206.116504517318,10,101
710,-inf,-9695.786074670437,3507.860746704375,9,101
711,-inf,-8706.529748108553,4115.297481085525,10,101
712,-inf,-9303.873875643529,4088.7387564352885,10,101
713,-inf,-9594.792198299938,4497.921982999383,9,101
714,-inf,-9166.41005975605,3214.1005975604908,9,101
715,-inf,-9307.220393190168,4122.203931901678,10,101
716,-inf,-9264.395369056769,3693.953690567686,8,101
717,-inf,-9098.703558068191,3537.03558068191,9,101
718,inf,-8394.104070500289,3491.040705002893,9,101
719,inf,-6610.5318712243115,4155.318712243121,10,101
720,-inf,-9762.347948574357,4673.47948574357,10,101
721,-inf,-8951.999949418998,4569.999494189973,10,101
722,inf,-8362.336214894765,4173.362148947653,11,101
723,-inf,-9546.809224939087,3518.092249390857,8,101
724,-inf,-9808.752593393852,4137.525933938517,10,101
725,inf,-8738.879658084299,4438.796580842991,10,101
726,-inf,-9368.601762727068,4736.01762727069,10,101
727,inf,-8154.373418258105,4093.7341825810495,11,101
728,inf,-8561.247548354231,4162.475483542316,11,101
729,inf,-5759.802573437069,4148.02573437069,11,101
730,-inf,-9942.817608004632,4478.176080046323,10,101
731,-inf,-9420.354605893412,4253.546058934109,10,101
732,-inf,-9249.186832797772,4541.868327977726,10,101
733,-inf,-9756.14798520839,4611.479852083905,10,101
734,-inf,-9773.375378533723,4783.753785337233,10,101
735,inf,-8365.631296299594,3706.312962995934,8,101
736,-inf,-9057.070501425715,4120.705014257146,11,101
737,-inf,-9440.693187492805,4456.931874928041,10,101
738,-inf,-9556.788471751233,4617.88471751234,10,101
739,inf,-8386.62120774748,3416.2120774747964,9,101
740,inf,-8423.092569278375,4280.925692783759,10,101
741,-inf,-9676.536339688544,4315.3633968854365,11,101
742,-inf,-9652.151767968246,4571.517679682463,10,101
743,-inf,-9858.041686518038,4630.416865180383,10,101
744,-inf,-9168.450734996111,4734.507349961115,10,101
745,inf,-7618.7093822335255,4237.093822335254,10,101
746,-inf,-9471.555362282568,4265.553622825688,11,101
747,-inf,-9617.058354941944,4220.583549419446,10,101
748,-inf,-9565.033345336753,4700.333453367539,10,101
749,inf,-8056.94662737514,4119.466273751408,11,101
750,inf,-8503.834909818985,3588.3490981898485,9,101
751,inf,-8489.167456530462,4441.67456530462,11,101
752,inf,-8878.942058486446,4339.420584864447,11,101
753,-inf,-9586.823270631121,3418.232706311203,9,101
754,-inf,-9808.974539792373,4139.745397923719,10,101
755,-inf,-9650.734294888918,3557.342948889186,8,101
756,inf,-7057.523172535162,4125.231725351624,11,101
757,-inf,-9914.52509417204,3695.2509417203955,9,101
758,-inf,-9922.225393157649,3772.253931576489,9,101
759,-inf,-9195.463149209208,3504.631492092091,9,101
760,inf,-8824.606561325287,3796.0656132528684,11,101
761,inf,-5207.696879512248,4126.968795122488,10,101
762,-inf,-9597.849232525768,4028.4923252576914,10,101
763,inf,-5071.203373114702,4262.033731147018,11,101
764,inf,-8124.224082666111,3792.2408266611133,9,101
765,-inf,-9870.803539413933,4758.035394139342,10,101
766,-inf,-9787.472836874153,3424.728368741536,9,101
767,inf,-4793.926598424956,4489.265984249564,11,101
768,inf,-7962.153352827914,4171.533528279152,11,101
769,-inf,-9905.752496564055,3607.5249656405504,9,101
770,-inf,-10168.712747947924,4737.12747947924,10,101
771,-inf,-8987.456478543456,3924.5647854345557,10,101
772,-inf,-10211.017292898621,3660.1729289862164,9,101
773,-inf,-9193.525356542836,3485.253565428355,9,101
774,inf,-8413.686622624251,4186.866226242511,10,101
775,-inf,-8966.61083206289,4216.108320628906,11,101
776,inf,-7589.888965560589,3948.889655605894,10,101
777,-inf,-8974.551481578126,4295.51481578126,11,101
778,-inf,-9459.989836025255,4149.898360252564,11,101
779,-inf,-10162.853983907262,4678.539839072624,10,101
780,-inf,-9662.527705497938,4175.27705497938,11,101
781,inf,-8940.36785439238,4453.678543923792,10,101
782,inf,-4919.737951567084,3747.379515670839,11,101
783,-inf,-9977.713105665924,4827.13105665924,10,101
784,inf,-7319.25977863354,4242.597786335402,10,101
785,-inf,-9195.873118718682,4008.7311871868137,10,101
786,-inf,-10301.642772747093,3566.427727470924,9,101
787,-inf,-9648.079090318923,4530.790903189233,10,101
788,-inf,-10008.061445101259,3630.614451012597,9,101
789,-inf,-9961.74734306646,4667.473430664598,10,101
790,inf,-7397.338595359032,4023.3859535903243,10,101
791,inf,-8796.422390625967,4014.2239062596623,10,101
792,inf,-8337.650071599002,3926.5007159900265,11,101
793,-inf,-9115.596134099906,4205.961340999051,10,101
794,inf,-8593.301529074954,4983.015290749532,10,101
795,-inf,-9515.320832588659,3703.208325886585,9,101
796,-inf,-9328.903489627564,4339.034896275639,10,101
797,-inf,-10083.778140469803,3387.781404698042,9,101
798,-inf,-9466.999719223977,4719.997192239766,10,101
799,-inf,-9488.791102017422,4937.911020174207,10,101
800,inf,-8327.53118581974,4325.311858197399,10,101
801,inf,-8487.827845470181,4928.27845470181,10,101
802,-inf,-9474.8115475698,3298.115475697994,9,101
803,-inf,-10042.486243925967,3474.8624392596653,8,101
804,-inf,-9706.994496052212,3619.9449605221066,9,101
805,inf,-8044.276503678697,4492.765036786971,10,101
806,inf,-8515.29090564677,4202.9090564677,10,101
807,-inf,-9314.003411947231,3690.034119472309,9,101
808,inf,-8406.35160664843,4113.516066484293,10,101
809,-inf,-10028.72467162243,4337.246716224311,10,101
810,inf,-8864.088541717614,4190.885417176141,11,101
811,inf,-8934.806877015131,4398.068770151316,10,101
812,-inf,-9978.246286872152,4832.462868721519,10,101
813,inf,-8438.23243308443,3432.3243308442925,8,101
814,-inf,-9123.404613629484,4284.046136294834,10,101
815,-inf,-9603.766326165269,4087.6632616526863,10,101
816,inf,-8981.343148723709,4363.431487237087,11,101
817,-inf,-9261.793784710371,4167.937847103717,11,101
818,inf,-5879.460369399154,4344.6036939915375,11,101
819,-inf,-9706.868404413703,4118.684044137029,10,101
820,-inf,-9886.148235259705,4911.482352597051,10,101
821,-inf,-10083.689670380169,3386.896703801688,9,101
822,inf,-8617.96567851582,3729.65678515821,9,101
823,-inf,-10018.184568872295,4231.845688722953,10,101
824,inf,-9082.854120232514,4878.541202325149,10,101
825,inf,-8507.687126464,4126.8712646399845,10,101
826,inf,-8558.247872678377,4632.478726783774,10,101
827,inf,-8877.627499646664,4826.274996466628,10,101
828,-inf,-9112.655615334817,4176.5561533481805,10,101
829,-inf,-9595.999693414236,4009.9969341423566,10,101
830,inf,-8717.941502071291,4229.415020712903,10,101
831,-inf,-9904.195157731521,4091.9515773152148,10,101
832,inf,-9088.137408427618,3931.3740842761845,10,101
833,-inf,-10197.79415653405,3527.941565340505,9,101
834,inf,-6905.082500265402,4100.825002654021,10,101
835,-inf,-9473.029044441173,4780.29044441172,10,101
836,inf,-4977.949530009113,3829.4953000911273,10,101
837,inf,-5234.4500178123435,3394.5001781234387,10,101
838,-inf,-9600.409058265634,3554.0905826563335,9,101
839,-inf,-9115.849231572978,3708.4923157297862,11,101
840,-inf,-9512.612761795983,3676.127617959831,9,101
841,-inf,-9291.42924486075,4464.292448607503,9,101
842,inf,-8521.832395865968,3768.323958659674,11,101
843,inf,-8595.790097689209,4507.9009768920805,9,101
844,-inf,-10126.111888809504,3311.118888095043,8,101
845,-inf,-10002.815561927931,3578.1556192793087,9,101
846,inf,-8342.537878980327,3975.3787898032697,11,101
847,-inf,-9514.631591709276,3696.3159170927565,9,101
848,inf,-8170.879230961844,4758.792309618435,10,101
849,-inf,-9565.447212699264,4704.472126992635,10,101
850,-inf,-9854.112308976953,4591.123089769535,10,101
851,-inf,-9681.786014814048,3867.860148140485,10,101
852,-inf,-9956.953810543406,4619.538105434059,10,101
853,-inf,-9580.096925876014,4850.969258760149,10,101
854,inf,-8394.421116110192,3994.211161101914,10,101
855,inf,-8945.827655357445,4508.276553574449,10,101
856,inf,-8961.233699645176,4662.336996451752,10,101
857,-inf,-9356.799895957705,3617.998959577051,8,101
858,inf,-8411.19240433439,4161.924043343897,10,101
859,inf,-8982.61696116937,3876.1696116936973,10,101
860,-inf,-9391.791058260873,3967.9105826087234,10,101
861,-inf,-9700.836810848765,3558.3681084876494,9,101
862,inf,-8172.719461211893,3277.1946121189267,9,101
863,inf,-8312.722606004307,3677.226060043065,11,101
864,inf,-6926.435349540843,3314.353495408427,10,101
865,-inf,-9130.291130139893,3852.9113013989368,11,101
866,-inf,-9255.730285656204,3607.3028565620357,8,101
867,inf,-8344.10048507521,3491.0048507521124,10,101
868,-inf,-9575.495584339276,4804.955843392761,10,101
869,-inf,-9958.843331423937,4638.433314239375,10,101
870,inf,-8960.015829621574,3650.158296215746,10,101
871,inf,-8897.851091287283,3528.510912872823,11,101
872,inf,-8646.320921653065,3513.209216530652,10,101
873,-inf,-9445.116950447431,3501.1695044743074,8,101
874,-inf,-9825.091540067324,4300.915400673235,10,101
875,inf,-8340.533082571865,4455.330825718642,10,101
876,-inf,-9788.280308204485,3432.803082044839,11,101
877,-inf,-10156.494779225097,3614.9477922509673,8,101
878,inf,-8333.101689350577,4381.0168935057645,10,101
879,-inf,-10022.353500053692,3773.5350005369205,9,101
880,inf,-8783.865808406425,3388.6580840642405,9,101
881,inf,-8860.932402249822,3659.3240224982114,8,101
882,-inf,-9854.428001035787,3594.2800103578697,10,101
883,inf,-5484.891618403808,3398.9161840380834,11,101
884,-inf,-9044.865150812993,3498.6515081299394,10,101
885,-inf,-9578.999622712221,3839.9962271222025,10,101
886,-inf,-9422.682607636902,3776.8260763690105,9,101
887,inf,-8302.728351560774,3577.283515607739,11,101
888,inf,-7830.129295717106,3351.2929571710747,10,101
889,inf,-5303.188151795309,3581.881517953087,11,101
890,inf,-7305.127197227756,4101.271972277561,10,101
891,-inf,-8557.873372628601,3128.733726286015,11,101
892,-inf,-9575.65422066814,3306.542206681412,11,101
893,inf,-7028.980415773029,3339.804157730289,10,101
894,-inf,-9186.697303993751,3416.9730399375057,11,101
895,-inf,-9197.768548725422,3527.685487254217,9,101
896,-inf,-9157.449451299397,3624.494512993966,10,101
897,-inf,-8841.107040223797,3461.070402237972,10,101
898,-inf,-8625.675559364348,3306.7555936434774,10,101
899,-inf,-9244.445507020759,3494.455070207584,10,101
900,-inf,-9647.858436947421,3528.5843694742043,8,101
901,inf,-5268.274421416508,3732.744214165075,10,101
902,inf,-4769.398050070856,3743.9805007085583,10,101
903,-inf,-9241.903776362162,4469.037763621619,10,101
904,-inf,-8520.493215879267,3754.932158792679,11,101
905,-inf,-8919.270399687848,3742.7039968784907,11,101
906,-inf,-9813.881631776203,3688.8163177620318,9,101
907,inf,-8222.04338813795,3770.4338813795052,9,101
908,-inf,-9397.156192314445,4021.561923144459,10,101
909,inf,-8170.562051297666,3755.6205129766513,10,101
910,inf,-7760.319409786807,3653.194097868072,10,101
911,-inf,-8951.584625081556,4065.8462508155553,11,101
912,inf,-8061.129059646326,3661.29059646325,10,101
913,inf,-7233.014867281801,3880.1486728180107,11,101
914,-inf,-9566.785895200004,4717.858952000035,10,101
915,inf,-8377.897138487695,4828.971384876956,10,101
916,-inf,-8938.300768137256,3933.0076813725595,11,101
917,-inf,-9772.793409096324,4777.934090963247,10,101
918,-inf,-9736.47762125669,4414.776212566907,10,101
919,-inf,-9675.179148385601,4801.791483856014,10,101
920,-inf,-9960.369551029482,3653.695510294823,8,101
921,-inf,-9156.626032466214,4116.26032466214,11,101
922,inf,-5599.397881319082,4043.978813190826,10,101
923,-inf,-9301.218301240542,4062.183012405417,10,101
924,-inf,-8938.8907174985,3438.9071749850073,8,101
925,inf,-5403.612433017557,4086.124330175566,10,101
926,inf,-5940.692880226534,3956.928802265338,11,101
927,-inf,-10228.237784986202,3832.3778498620286,9,101
928,-inf,-9413.243832358767,4182.438323587677,10,101
929,-inf,-10197.763504568724,3527.6350456872374,9,101
930,-inf,-9418.512863884389,4235.128638843886,10,101
931,-inf,-10055.801356092068,3608.0135609206764,8,101
932,-inf,-9200.488950407016,4054.889504070162,10,101
933,inf,-8092.402109772509,3474.021097725098,11,101
934,-inf,-9703.068613725307,3580.686137253062,9,101
935,-inf,-8932.605924940875,3376.0592494087487,8,101
936,-inf,-9812.682386201594,4176.823862015931,10,101
937,inf,-8819.807190838455,3748.071908384544,11,101
938,-inf,-9273.96358200213,4789.635820021307,10,101
939,-inf,-9423.915329550155,4289.153295501548,10,101
940,inf,-7786.751059814858,3417.510598148589,11,101
941,-inf,-9883.393146266235,4883.93146266235,10,101
942,-inf,-9426.124049853095,4311.2404985309495,10,101
943,inf,-8799.720077827682,4047.2007782768274,10,101
944,inf,-5802.827370720101,4078.2737072010023,10,101
945,inf,-7011.946561257819,4169.465612578192,10,101
946,inf,-8525.453612578787,4304.536125787876,10,101
947,inf,-5170.103344819005,3751.033448190047,10,101
948,inf,-8081.72490963227,3867.2490963227096,10,101
949,inf,-6777.930505313303,3829.3050531330305,10,101
950,-inf,-9620.07628979399,3250.7628979399033,8,101
951,-inf,-8783.963182468062,2889.6318246806127,10,101
952,-inf,-9373.428032005955,4784.280320059545,10,101
953,-inf,-9681.65398028887,4366.539802888702,11,101
954,-inf,-9550.336392663876,3553.363926638753,8,101
955,-inf,-8857.904264530893,3629.0426453089212,8,101
956,inf,-7386.880212902405,3418.802129024051,11,101
957,-inf,-10286.575879750388,3915.758797503879,8,101
958,-inf,-9384.892378344823,3398.92378344823,9,101
959,-inf,-9947.663635145105,4526.636351451055,10,101
960,inf,-8803.346160536623,4083.4616053662216,10,101
961,inf,-8050.191915242087,4051.919152420875,11,101
962,-inf,-8897.805282977395,3528.0528297739515,9,101
963,inf,-8727.533237620943,3325.332376209428,10,101
964,-inf,-9153.727861740994,4587.278617409934,10,101
965,-inf,-9464.883850215454,4698.838502154541,10,101
966,-inf,-9486.33458687715,4913.345868771499,10,101
967,-inf,-9967.915037429457,3729.150374294561,8,101
968,-inf,-9406.430398146384,4114.303981463843,10,101
969,-inf,-9475.060991413708,4800.609914137083,10,101
970,inf,-7102.90719123013,4079.071912301292,10,101
971,-inf,-10204.47823780517,5094.78237805169,10,101
972,inf,-8042.4594396753655,3474.59439675366,10,101
973,inf,-8495.23083399283,3502.3083399282973,9,101
974,-inf,-9031.839079717734,3368.3907971773524,10,101
975,inf,-8262.117509395628,3171.1750939562817,11,101
976,inf,-8451.849381172673,3568.493811726735,8,101
977,-inf,-9202.13564470901,3571.356447090096,9,101
978,inf,-8556.695799254441,4616.957992544408,10,101
979,-inf,-9298.485626229967,3034.856262299673,10,101
980,inf,-8765.08035896417,4200.803589641695,11,101
981,inf,-8181.26074298019,4362.607429801889,11,101
982,-inf,-9903.78277882364,5087.827788236388,10,101
983,-inf,-10058.10035671962,3631.0035671962,8,101
984,inf,-8853.028954611676,3580.289546116774,10,101
985,-inf,-10117.883597389931,3728.8359738993117,9,101
986,inf,-4905.71952914633,4107.195291463304,10,101
987,inf,-8582.752141682926,3377.5214168292664,11,101
988,-inf,-9769.476359070068,3744.763590700683,8,101
989,-inf,-9607.369357426227,3623.693574262274,9,101
990,inf,-8694.260089097525,3492.6008909752436,11,101
991,inf,-8120.993638508708,4259.936385087079,10,101
992,-inf,-9722.717859144046,3277.1785914404627,10,101
993,-inf,-9710.648046956168,3656.480469561688,9,101
994,inf,-6806.021576523114,4110.215765231144,10,101
995,-inf,-9827.619568560054,3326.195685600533,10,101
996,inf,-8810.944008052149,3159.440080521488,10,101
997,-inf,-10098.432800800902,3534.3280080090162,9,101
998,-inf,-9002.96684506573,4079.6684506572924,10,101
999,inf,-8367.294483738571,4722.9448373857085,10,101
1000,-inf,-9664.730783488954,3697.307834889545,8,101
1001,-inf,-9232.140245957029,4371.402459570284,10,101
1002,-inf,-9374.467179603758,4794.671796037591,10,101
1003,inf,-8452.748183858701,3577.481838587007,8,101
1004,inf,-7918.63857405306,4236.385740530616,10,101
1005,inf,-8801.210450727804,5062.104507278042,10,101
1006,-inf,-8917.243444146296,3222.434441462957,10,101
1007,inf,-8366.42994658029,4214.299465802909,11,101
1008,-inf,-9932.939914942222,3379.3991494222228,8,101
1009,-inf,-9953.224033641576,3582.240336415759,8,101
1010,-inf,-9291.178804498306,3461.788044983066,9,101
1011,-inf,-9200.79826844928,3557.9826844928007,9,101
1012,-inf,-9701.423084610235,3564.2308461023404,9,101
1013,-inf,-9251.00443403735,3560.0443403735044,8,101
1014,-inf,-9539.305828770146,3443.0582877014635,10,101
1015,inf,-8699.255257603925,4542.552576039247,11,101
1016,inf,-8452.615481979235,3576.1548197923503,10,101
1017,-inf,-9810.105029575967,4151.050295759667,10,101
1018,inf,-8438.239914957923,4432.399149579231,10,101
1019,-inf,-9908.384628299747,3633.8462829974846,9,101
1020,-inf,-9644.057732068093,4490.577320680934,10,101
1021,inf,-7081.4477510909,4364.477510909,11,101
1022,-inf,-9078.959238589012,4839.592385890118,10,101
1023,inf,-8194.270936183893,3992.709361838923,10,101
1024,-inf,-9080.886044579498,4858.860445794978,10,101
1025,inf,-8397.1039652619,3521.0396526189916,9,101
1026,inf,-8658.79108205867,4137.910820586697,11,101
1027,inf,-6675.797087796028,4307.970877960277,11,101
1028,inf,-8317.571352625106,4225.713526251066,10,101
1029,-inf,-9156.80733807519,4118.073380751902,11,101
1030,-inf,-10142.196345783243,3471.9634578324285,8,101
1031,-inf,-9264.354511654788,4693.545116547885,10,101
1032,-inf,-9750.837615184611,3558.3761518461133,8,101
1033,-inf,-10008.475149130913,3634.7514913091295,9,101
1034,-inf,-9539.390210987603,3943.902109876043,11,101
1035,inf,-6407.117093926362,4121.170939263618,10,101
1036,inf,-8695.817138457936,3508.171384579361,9,101
1037,inf,-8012.444490418089,4174.44490418089,10,101
1038,inf,-8559.216789592885,3642.1678959288447,8,101
1039,-inf,-9525.677285935983,3806.772859359831,11,101
1040,inf,-7159.282699107134,4142.8269910713425,11,101
1041,inf,-8549.473856383227,3544.7385638322694,10,101
1042,-inf,-9277.17966090783,4821.796609078305,10,101
1043,-inf,-9250.518983882987,4055.189838829859,11,101
1044,inf,-8325.70364133334,4307.036413333414,10,101
1045,-inf,-9987.569192268751,3425.6919226875007,9,101
1046,-inf,-9854.865536692825,3598.6553669282466,8,101
1047,inf,-8792.232362394869,4972.323623948685,10,101
1048,-inf,-9035.92840531825,3909.2840531824904,11,101
1049,inf,-6950.095171182652,4050.951711826521,11,101
1050,-inf,-9014.99830052699,3199.9830052698926,8,101
1051,inf,-8018.093272152399,4230.932721523983,10,101
1052,-inf,-9862.415929007017,3674.159290070163,8,101
1053,inf,-5401.336048039651,4063.3604803965127,10,101
1054,inf,-8351.015220135494,3560.1522013549443,8,101
1055,-inf,-8539.280765276399,4442.807652763983,10,101
1056,-inf,-9778.828028794474,4838.280287944739,10,101
1057,-inf,-9070.764313914457,3757.643139144562,8,101
1058,-inf,-9377.862371686611,4828.623716866118,10,101
1059,-inf,-8822.16442006395,4271.644200639494,10,101
1060,-inf,-9193.552613964659,4985.526139646594,10,101
1061,-inf,-9451.9670320862,3569.670320862013,8,101
1062,inf,-8242.022654561273,4470.226545612731,10,101
1063,-inf,-9839.832453222105,4448.324532221057,10,101
1064,-inf,-10074.852805647617,3798.5280564761806,8,101
1065,-inf,-10141.780911099868,3467.8091109986717,8,101
1066,-inf,-9161.449043718178,4664.49043718178,10,101
1067,inf,-9119.149336601482,3241.493366014813,8,101
1068,-inf,-9597.850781921446,5028.507819214468,10,101
1069,-inf,-9537.214381146468,3422.1438114646844,8,101
1070,inf,-9101.735091056638,4067.3509105663743,10,101
1071,inf,-8310.780842231638,4157.808422316382,10,101
1072,inf,-8538.434793112623,3434.3479311262236,8,101
1073,-inf,-9386.973597869779,3919.7359786977836,10,101
1074,-inf,-9860.96904725247,4659.690472524713,10,101
1075,-inf,-9238.738331920418,3937.383319204186,11,101
1076,inf,-5086.3937992429055,3913.9379924290597,10,101
1077,-inf,-9903.299406506016,3582.994065060163,9,101
1078,inf,-5383.592661566885,3885.926615668853,10,101
1079,-inf,-9431.35324200975,4363.532420097501,10,101
1080,-inf,-9214.506838216043,3695.0683821604184,9,101
1081,-inf,-9717.72802428851,4227.280242885108,10,101
1082,-inf,-9956.234970748606,4612.349707486071,10,101
1083,-inf,-9527.16348895705,3821.6348895705064,9,101
1084,-inf,-10016.506819031245,4215.068190312444,10,101
1085,-inf,-9076.245783790024,3312.4578379002437,9,101
1086,-inf,-9609.133482721665,4141.334827216645,10,101
1087,inf,-8316.84740372923,4218.474037292307,10,101
1088,-inf,-9762.466693097995,3674.666930979951,8,101
1089,-inf,-10041.567447013218,3465.674470132173,8,101
1090,inf,-7803.819476096258,4088.1947609625795,10,101
1091,-inf,-9299.858073965765,3548.580739657641,9,101
1092,-inf,-9298.346553751799,4033.4655375179836,10,101
1093,inf,-8152.3491227764935,4073.4912277649278,11,101
1094,-inf,-9359.148966182853,4641.48966182853,10,101
1095,inf,-8607.316847176062,4123.168471760615,10,101
1096,-inf,-9920.291555109132,4752.915551091326,9,101
1097,-inf,-9990.888999900058,4458.889999000585,11,101
1098,-inf,-9784.960184310863,3399.60184310863,9,101
1099,-inf,-10036.256788861014,3912.5678886101396,9,101
1100,inf,-8043.327194887324,3983.271948873242,11,101
1101,inf,-8319.548086697278,3745.4808669727718,9,101
1102,-inf,-9230.331613812219,4353.316138122185,10,101
1103,-inf,-9198.01179242654,4030.117924265389,10,101
1104,inf,-8069.778229269985,4747.782292699849,10,101
1105,inf,-8891.535439738087,4465.354397380865,9,101
1106,inf,-8357.413310122614,4624.133101226144,10,101
1107,-inf,-10157.689600343263,3626.896003432621,8,101
1108,-inf,-9190.9670347594,3959.670347593993,10,101
1109,inf,-8714.613073265116,4196.130732651167,10,101
1110,-inf,-10115.050741507275,3700.5074150727537,9,101
1111,-inf,-9500.593367014542,3555.933670145418,9,101
1112,inf,-8695.394635437691,3503.946354376905,9,101
1113,-inf,-9588.372665259349,3433.7266525934833,9,101
1114,inf,-8715.287400581627,4702.874005816271,11,101
1115,-inf,-9890.75449881862,3457.5449881861955,9,101
1116,inf,-8870.957855091396,4259.578550913953,11,101
1117,-inf,-9958.780642495421,4637.806424954223,10,101
1118,-inf,-10141.516782084489,3465.1678208448843,8,101
1119,inf,-9001.82819010668,3568.2819010668063,9,101
1120,inf,-8328.467364243705,4334.673642437053,10,101
1121,-inf,-9231.99541191485,4369.954119148491,10,101
1122,-inf,-9244.738195221953,4497.3819522195245,10,101
1123,-inf,-9971.613424139503,4766.134241395026,10,101
1124,-inf,-9811.434612764255,3664.3461276425537,9,101
1125,-inf,-9405.651579997906,5106.515799979062,10,101
1126,-inf,-9630.51252945349,3355.125294534907,8,101
1127,-inf,-10387.729061781425,4927.290617814261,10,101
1128,inf,-8530.062273028714,3350.622730287148,10,101
1129,inf,-9171.363483425936,4263.634834259365,11,101
1130,inf,-8486.454787776458,3414.547877764581,9,101
1131,inf,-9210.730722316246,4157.3072231624565,10,101
1132,inf,-8922.98446831911,3279.8446831910906,8,101
1133,-inf,-9547.800622259485,4028.0062225948495,11,101
1134,inf,-8262.721165289666,4177.211652896652,11,101
1135,inf,-8640.056063806782,3450.560638067811,8,101
1136,-inf,-9556.598281809753,4115.982818097523,11,101
1137,inf,-4913.578636097429,4185.786360974286,10,101
1138,-inf,-9765.567045396454,4705.670453964541,10,101
1139,-inf,-9516.805238294633,3718.0523829463446,9,101
1140,-inf,-9670.974796046565,4759.747960465656,10,101
1141,-inf,-10045.037240575799,4500.372405757983,10,101
1142,-inf,-9414.551207065357,4195.512070653568,10,101
1143,-inf,-9367.684342751701,4726.843427517009,10,101
1144,inf,-7195.793837404748,4007.938374047479,10,101
1145,-inf,-9485.159165062396,3901.5916506239587,10,101
1146,-inf,-9856.352129623634,3613.521296236334,8,101
1147,-inf,-9842.543832406805,3975.43832406806,11,101
1148,inf,-9052.672378371302,4576.723783713023,10,101
1149,-inf,-9599.385988570233,4043.8598857023285,10,101
1150,inf,-8396.885142230278,4018.8514223027782,10,101
1151,inf,-8715.501755623787,3705.017556237865,9,101
1152,-inf,-10247.891517079795,4528.915170797946,10,101
1153,inf,-8881.732560212466,3367.325602124663,9,101
1154,-inf,-9703.208518990454,3582.085189904545,9,101
1155,inf,-8261.982714990982,3669.827149909818,10,101
1156,inf,-8893.820592615057,3488.2059261505715,9,101
1157,-inf,-10119.25271588151,3742.5271588150968,9,101
1158,inf,-8909.172511140678,4141.725111406777,10,101
1159,-inf,-10163.315588058089,3683.1558805808827,8,101
1160,-inf,-9611.203409441088,4162.0340944108775,10,101
1161,inf,-7437.28224391474,4422.822439147405,10,101
1162,inf,-8425.368173735491,4303.681737354903,10,101
1163,-inf,-9852.650891445901,4576.508914458999,10,101
1164,-inf,-9271.191259552565,4261.912595525645,11,101
1165,inf,-8835.162709740776,4401.627097407758,10,101
1166,inf,-8946.862459540049,3518.6245954004835,8,101
1167,inf,-8163.638159848888,4186.381598488887,11,101
1168,inf,-8206.744213471722,3617.442134717225,9,101
1169,-inf,-9604.724764406636,4097.2476440663595,10,101
1170,-inf,-9874.235100651396,3792.351006513954,8,101
1171,-inf,-9549.479961028508,4044.799610285076,11,101
1172,inf,-8616.448531670598,4214.485316705983,10,101
1173,-inf,-9373.571447934448,4785.714479344482,10,101
1174,-inf,-9619.076697361163,4240.7669736116195,10,101
1175,-inf,-9216.281044057892,4212.8104405789245,10,101
1176,-inf,-10018.511181538719,3735.111815387186,9,101
1177,inf,-8833.526622077601,3385.2662207760127,8,101
1178,-inf,-9631.384366442486,3863.8436644248673,11,101
1179,inf,-8575.540759293257,4805.4075929325645,10,101
1180,-inf,-9276.901100995216,4319.011009952157,11,101
1181,-inf,-10002.238181395696,4572.381813956969,9,101
1182,-inf,-9768.382319095617,4733.82319095618,10,101
1183,inf,-9196.61519840992,3516.1519840991873,9,101
1184,-inf,-10080.900037174611,3859.00037174612,8,101
1185,inf,-9247.003779237577,4520.037792375764,10,101
1186,inf,-8329.664025000853,4346.640250008534,10,101
1187,-inf,-9836.792234360684,3417.922343606834,8,101
1188,inf,-9168.864954339193,4238.649543391936,11,101
1189,inf,-5014.479615207802,4194.796152078022,10,101
1190,-inf,-9291.099525688742,3960.995256887423,10,101
1191,-inf,-9450.613680422779,4556.136804227786,10,101
1192,-inf,-9880.434176731123,4854.341767311231,10,101
1193,-inf,-9788.551446158339,4935.5144615833815,10,101
1194,inf,-8111.482345775321,4164.823457753204,10,101
1195,-inf,-9886.575592367593,4915.755923675936,10,101
1196,-inf,-9851.876064208333,4568.760642083326,10,101
1197,inf,-9161.691807693865,4666.918076938662,10,101
1198,inf,-8585.909972002308,4909.099720023078,10,101
1199,inf,-5337.990250802199,3929.902508021988,11,101
1200,inf,-8640.927964909568,3959.2796490956853,11,101
1201,-inf,-9136.47527662153,4414.752766215294,10,101
1202,-inf,-9200.5610032553,4055.610032553,10,101
1203,-inf,-8945.747672564197,4007.4767256419705,11,101
1204,-inf,-10119.230935551659,3742.309355516599,9,101
1205,-inf,-9094.747651131356,3497.476511313566,9,101
1206,inf,-7121.306119015921,4263.061190159211,10,101
1207,-inf,-10012.159528282169,4671.595282821683,11,101
1208,-inf,-9248.21243306377,3532.1243306377105,8,101
1209,-inf,-9404.93475418508,3599.347541850799,9,101
1210,inf,-8485.9921252879,4909.921252879002,10,101
1211,-inf,-9410.503055687157,4155.030556871573,10,101
1212,-inf,-9306.854660589863,4118.54660589863,10,101
1213,inf,-8610.128287891584,5151.282878915845,10,101
1214,-inf,-9294.255020075683,3492.550200756835,9,101
1215,inf,-8486.848642467054,4418.486424670533,11,101
1216,inf,-8927.873449657569,3328.7344965756915,8,101
1217,-inf,-9983.898487164442,4888.984871644433,10,101
1218,inf,-8965.887785156272,3708.8778515627127,8,101
1219,-inf,-9805.510114716231,3605.1011471623074,9,101
1220,-inf,-9816.720185326583,4217.201853265825,10,101
1221,inf,-8075.582614280329,3805.8261428032843,10,101
1222,inf,-8112.970854371952,3179.7085437195105,10,101
1223,-inf,-9846.014681290817,4510.146812908174,10,101
1224,-inf,-9308.536710919223,4135.36710919222,10,101
1225,-inf,-9180.16332048581,3351.633204858093,9,101
1226,-inf,-10207.984410409583,5129.844104095829,10,101
1227,-inf,-10066.3958044619,4713.958044619002,10,101
1228,inf,-7605.381839421076,4103.818394210761,10,101
1229,-inf,-9361.308689831025,3663.0868983102523,8,101
1230,inf,-8214.950744038122,3699.507440381218,9,101
1231,-inf,-9435.597443387638,4405.974433876381,10,101
1232,inf,-8835.894737874347,3408.9473787434654,8,101
1233,-inf,-9739.877149888565,3448.7714988856505,8,101
1234,-inf,-9141.462851662998,4464.628516629986,10,101
1235,-inf,-9848.870075579223,3538.700755792227,8,101
1236,inf,-8306.818851994034,3618.188519940346,9,101
1237,-inf,-9206.16162419412,4111.616241941198,10,101
1238,inf,-6843.999903444907,3989.9990344490734,11,101
1239,inf,-8777.077444829367,4820.774448293665,10,101
1240,-inf,-10021.001487077467,3260.0148707746657,8,101
1241,-inf,-9538.012656082918,3430.1265608291724,8,101
1242,inf,-8979.593624703703,4345.936247037034,11,101
1243,inf,-7906.270359687602,4112.703596876011,10,101
1244,-inf,-10058.991946733671,4139.919467336715,11,101
1245,inf,-8806.916982991454,4119.169829914531,10,101
1246,inf,-7679.265279114995,3342.652791149948,11,101
1247,-inf,-9092.2506006613,4472.506006613005,9,101
1248,-inf,-9532.13706494352,3371.370649435199,8,101
1249,-inf,-8997.660576500464,3526.605765004647,9,101
1250,-inf,-9023.87697993662,4288.769799366202,10,101
1251,inf,-8618.39040374938,4233.904037493788,10,101
1252,-inf,-10051.60429452495,3566.042945249506,8,101
1253,-inf,-9875.684428675866,4806.844286758659,10,101
1254,inf,-8867.572101882362,4725.721018823623,10,101
1255,-inf,-9939.572328836257,4445.723288362562,10,101
1256,inf,-9157.964937750556,4629.64937750556,10,101
1257,-inf,-9299.485372036223,4044.853720362233,10,101
1258,-inf,-9242.28444266052,3472.844426605204,8,101
1259,-inf,-9443.707480099074,3487.0748009907497,8,101
1260,inf,-8412.671797057279,4176.7179705728,10,101
1261,inf,-8676.97732707159,4819.773270715901,10,101
1262,-inf,-9261.248744675508,4662.487446755075,10,101
1263,inf,-8947.789425112602,3527.894251126017,8,101
1264,-inf,-9303.855941799731,4588.559417997319,9,101
1265,-inf,-9403.576461160415,4085.764611604148,10,101
1266,-inf,-9517.764290337174,4227.642903371742,10,101
1267,-inf,-10248.985876683515,4539.858766835145,10,101
1268,-inf,-9930.384264277473,4853.842642774729,9,101
1269,-inf,-9375.960051876995,4309.60051876995,11,101
1270,-inf,-9937.41990412274,4424.199041227394,10,101
1271,inf,-9394.95507843815,3999.5507843815085,10,101
1272,inf,-9188.619363427266,4436.1936342726585,11,101
1273,inf,-9042.172781440366,3971.7278144036645,11,101
1274,inf,-9028.513523281132,4335.135232811321,10,101
1275,-inf,-9908.005686468015,3630.056864680155,9,101
1276,inf,-6902.973150183561,4079.731501835615,10,101
1277,inf,-9069.5647005477,4745.647005477002,10,101
1278,-inf,-9980.077078688933,4850.770786889334,10,101
1279,inf,-8541.492927225096,3464.929272250955,8,101
1280,inf,-8251.562537359498,4565.625373594977,10,101
1281,inf,-6291.348690308803,3963.4869030880373,10,101
1282,-inf,-9988.84326703985,4938.432670398499,10,101
1283,-inf,-9302.077275875072,3570.7727587507234,9,101
1284,inf,-8478.93877791197,3839.3877791197,8,101
1285,inf,-8848.131168570946,4031.311685709463,11,101
1286,inf,-8212.72753467095,4177.275346709501,10,101
1287,inf,-5707.350177757062,4123.501777570615,10,101
1288,-inf,-9442.100819035753,3971.008190357525,9,101
1289,inf,-8230.313282121655,3853.132821216552,11,101
1290,-inf,-9523.526704933429,4285.267049334295,10,101
1291,-inf,-9902.95800003316,3579.5800003316067,9,101
1292,-inf,-9484.762817770814,3897.6281777081394,10,101
1293,-inf,-9776.762263240715,4817.622632407149,10,101
1294,inf,-8872.233573540365,4772.335735403655,10,101
1295,-inf,-10048.733539299159,4537.335392991587,10,101
1296,inf,-8660.44551758773,3654.455175877291,8,101
1297,-inf,-9698.309406889646,3533.094068896459,9,101
1298,-inf,-9958.396478228467,4633.964782284682,10,101
1299,inf,-6503.057675358888,4080.5767535888835,10,101
1300,inf,-8609.490851025117,4144.908510251165,10,101
1301,-inf,-9558.689516066523,3636.895160665232,8,101
1302,-inf,-10023.381907976229,4783.81907976228,9,101
1303,-inf,-9326.043743156682,4310.437431566823,10,101
1304,inf,-9007.025486615226,4120.254866152261,10,101
1305,-inf,-9230.146002731817,4351.46002731817,10,101
1306,-inf,-9359.823356206605,4148.233562066055,11,101
1307,inf,-8390.861779137402,3458.617791374022,9,101
1308,inf,-8968.683159699229,4736.8315969922905,10,101
1309,-inf,-9386.938734506719,3919.3873450671845,10,101
1310,-inf,-9185.98620847075,3409.862084707489,9,101
1311,inf,-8916.903094270096,4219.0309427009615,10,101
1312,inf,-9034.701210075697,3397.012100756966,8,101
1313,inf,-8960.995759807913,4659.957598079136,10,101
1314,-inf,-9822.006624642825,4270.06624642824,10,101
1315,-inf,-10078.91528485321,4839.152848532111,10,101
1316,inf,-8953.49960649391,4084.9960649390914,11,101
1317,inf,-8353.746500762963,4087.4650076296293,11,101
1318,inf,-8564.816164580476,4698.161645804763,10,101
1319,-inf,-9211.889556914215,3668.8955691421443,9,101
1320,-inf,-9094.3146371247,3993.1463712470027,10,101
1321,-inf,-9555.43652328395,3604.365232839498,8,101
1322,-inf,-9424.47320266559,3794.732026655886,9,101
1323,inf,-8936.564695163972,4415.646951639714,10,101
1324,-inf,-9284.205737030772,4892.057370307725,10,101
1325,inf,-8322.12244599837,4271.224459983698,10,101
1326,inf,-9010.442803825339,4154.428038253383,10,101
1327,-inf,-9262.178002124485,4671.780021244853,10,101
1328,-inf,-9144.838836863402,3498.3883686340187,8,101
1329,inf,-9036.126143276299,4411.261432762987,10,101
1330,inf,-8212.03766439111,4170.3766439110905,10,101
1331,inf,-8510.700310948456,4157.003109484558,10,101
1332,inf,-8505.319495459757,4103.194954597556,10,101
1333,inf,-8200.764613516689,4057.646135166884,10,101
1334,-inf,-9588.713123678708,3437.131236787075,9,101
1335,-inf,-9579.681965697966,3846.819656979655,10,101
1336,inf,-8448.198015508808,4531.980155088082,10,101
1337,-inf,-8980.828885415123,4858.2888541512275,10,101
1338,inf,-8757.161828390228,4121.61828390228,11,101
1339,-inf,-8958.623744375793,4136.237443757929,11,101
1340,inf,-8888.650318947684,3436.5031894768404,9,101
1341,inf,-5484.811279472828,4398.112794728282,11,101
1342,inf,-8454.783547412808,4597.835474128073,10,101
1343,-inf,-9447.960038873116,4029.6003887311626,11,101
1344,-inf,-9957.8532144172,4628.532144172011,10,101
1345,-inf,-9851.46989744104,4564.698974410404,10,101
1346,-inf,-10085.947561525252,4909.475615252512,10,101
1347,inf,-7641.203030416234,3962.0303041623333,11,101
1348,-inf,-9608.364283053326,4133.64283053327,10,101
1349,-inf,-10029.933224129723,4349.332241297225,10,101
1350,inf,-8964.701249067088,4697.012490670878,10,101
1351,inf,-8384.408372743088,4394.0837274308815,11,101
1352,inf,-8156.381474914928,4113.81474914928,11,101
1353,-inf,-9757.295022912607,3622.950229126065,8,101
1354,inf,-8397.800302641077,4028.003026410769,10,101
1355,-inf,-10171.312167092223,4763.121670922227,10,101
1356,inf,-8508.60305567645,3636.030556764511,9,101
1357,-inf,-9096.09624460658,3510.962446065799,9,101
1358,-inf,-10070.012719111424,3750.127191114246,8,101
1359,inf,-5807.597970911058,4125.979709110576,10,101
1360,-inf,-9679.478524790171,4344.785247901701,11,101
1361,-inf,-10312.098876615864,3670.988766158648,9,101
1362,-inf,-9466.667215324116,3716.672153241171,10,101
1363,-inf,-10118.873495442778,3738.734954427776,9,101
1364,-inf,-9296.813587636676,3518.1358763667645,9,101
1365,inf,-9095.726325185971,5007.263251859706,10,101
1366,-inf,-9569.78674191521,4747.867419152108,10,101
1367,inf,-8008.892183801083,4138.921838010831,10,101
1368,-inf,-10160.84448269445,4658.444826944507,10,101
1369,-inf,-10077.492178745119,3824.9217874511924,8,101
1370,inf,-8188.304229945921,3433.0422994592136,9,101
1371,-inf,-9292.315411575692,3973.1541157569236,10,101
1372,-inf,-9337.566242627865,4425.662426278642,10,101
1373,inf,-8897.810499732625,5028.10499732624,10,101
1374,-inf,-10147.839214601718,4528.392146017187,10,101
1375,-inf,-9430.925526745925,4359.255267459252,10,101
1376,-inf,-9392.59255853027,3975.9255853027034,10,101
1377,-inf,-9874.288947083209,3292.889470832081,9,101
1378,-inf,-9721.492247819791,4264.922478197924,10,101
1379,inf,-8062.874160987412,4178.7416098741305,11,101
1380,inf,-8822.528853513119,4275.288535131177,10,101
1381,inf,-8575.275250930981,4302.752509309806,9,101
1382,-inf,-9438.624650843949,4436.246508439491,10,101
1383,-inf,-9331.773308827022,4367.733088270225,10,101
1384,inf,-8631.515110438519,3865.15110438518,9,101
1385,-inf,-10102.475129848242,3574.7512984824284,9,101
1386,-inf,-10094.7585237073,3497.5852370729967,9,101
1387,-inf,-9610.188674043995,4151.886740439951,10,101
1388,-inf,-9497.143035320156,3521.4303532015606,9,101
1389,-inf,-9953.154644458462,3581.546444584624,8,101
1390,-inf,-9460.146081187591,4651.46081187592,10,101
1391,inf,-9416.811800395342,4218.1180039534165,10,101
1392,-inf,-9636.249339865255,3412.493398652553,8,101
1393,inf,-9442.341443314472,3973.4144331447137,11,101
1394,inf,-8584.132042186071,4891.320421860703,10,101
1395,inf,-8507.535480066694,4125.354800666936,10,101
1396,-inf,-9663.74012885434,3687.401288543405,8,101
1397,-inf,-9785.3572516033,4903.5725160329985,10,101
1398,inf,-8842.261573127846,3972.615731278459,11,101
1399,inf,-9141.270268652219,3962.702686522189,11,101
1400,-inf,-9505.681838706594,4106.818387065938,10,101
1401,inf,-7211.669024956094,4166.6902495609465,10,101
1402,inf,-9081.530665937662,4365.306659376616,11,101
1403,-inf,-9562.728004357017,4677.280043570179,10,101
1404,inf,-8680.1706120977,3851.70612097699,10,101
1405,inf,-8690.629006634612,4456.290066346121,11,101
1406,-inf,-9238.64017341983,4436.401734198298,10,101
1407,-inf,-9380.358086002341,4853.580860023408,10,101
1408,inf,-8466.366255341203,4213.6625534120285,11,101
1409,inf,-8501.727658267297,4067.2765826729765,10,101
1410,inf,-8199.296035163055,4042.9603516305515,10,101
1411,inf,-7977.859935092276,3828.5993509227533,10,101
1412,-inf,-9202.531924990259,3575.319249902586,9,101
1413,-inf,-9278.201979120735,3332.019791207348,9,101
1414,-inf,-9412.55504368799,4175.5504368799,10,101
1415,inf,-8891.924707395188,3469.247073951887,9,101
1416,-inf,-10084.800217655638,4898.002176556383,10,101
1417,-inf,-10308.22078171357,3632.207817135701,9,101
1418,inf,-5155.320787897056,4103.207878970559,11,101
1419,-inf,-9983.23301233309,3382.3301233309,9,101
1420,-inf,-9224.06884640354,4290.688464035394,10,101
1421,inf,-5186.870481490207,3918.7048149020666,10,101
1422,inf,-8101.598114174332,3565.9811417433257,9,101
1423,-inf,-9945.088911876432,3500.889118764324,8,101
1424,inf,-5556.322632042182,4113.226320421814,11,101
1425,-inf,-8725.677888629092,4306.778886290926,10,101
1426,-inf,-9850.223786181767,3552.237861817662,8,101
1427,inf,-8504.999025160305,4099.990251603054,10,101
1428,-inf,-10013.07709600381,3680.7709600381013,9,101
1429,-inf,-9074.710297516369,4297.102975163695,11,101
1430,-inf,-8830.294322675112,4352.9432267511165,10,101
1431,-inf,-10009.644808401299,3646.4480840129886,9,101
1432,-inf,-10143.351669557704,4483.516695577038,10,101
1433,-inf,-9287.30976675472,3923.0976675472084,10,101
1434,inf,-8912.865004130237,4678.650041302368,9,101
1435,-inf,-9319.062242493696,3740.622424936958,9,101
1436,inf,-8658.76200800698,4637.620080069784,10,101
1437,inf,-8520.58590835212,4255.859083521207,10,101
1438,-inf,-9397.667064747639,3526.6706474763955,9,101
1439,-inf,-9515.127132091617,4201.271320916159,10,101
1440,-inf,-10092.701793473952,3477.0179347395288,9,101
1441,-inf,-9301.120363403676,4061.203634036762,10,101
1442,-inf,-9459.224297962688,4642.242979626875,10,101
1443,inf,-7006.636676544483,4116.366765444827,10,101
1444,-inf,-9871.920221954933,4769.2022195493255,10,101
1445,inf,-5856.303727221881,4113.037272218808,11,101
1446,-inf,-9526.389191395592,4313.891913955912,10,101
1447,-inf,-9764.128550832664,4691.285508326633,10,101
1448,inf,-8902.550545450955,4075.5054545095513,10,101
1449,inf,-5900.946863409232,4059.4686340923204,10,101
1450,-inf,-9305.024845409505,4100.248454095063,10,101
1451,inf,-7863.752336593567,4187.52336593566,11,101
1452,-inf,-9560.253677660476,3652.536776604746,8,101
1453,-inf,-9136.222879746923,4412.228797469238,10,101
1454,-inf,-10224.526170219957,3795.261702199578,9,101
1455,-inf,-9389.107587828717,3941.0758782871685,10,101
1456,inf,-5008.143763801688,4131.437638016879,10,101
1457,-inf,-9265.80044683113,4208.0044683113065,11,101
1458,inf,-5017.4038690290035,4224.038690290041,10,101
1459,-inf,-9014.1961241466,5191.9612414660005,10,101
1460,-inf,-10051.702821658308,3567.0282165830745,8,101
1461,-inf,-8692.894988693566,3978.9498869356603,10,101
1462,-inf,-9119.5176689001,4245.176689000998,10,101
1463,-inf,-9195.724476041238,4007.2447604123777,10,101
1464,-inf,-9628.665501706231,4336.655017062306,10,101
1465,-inf,-10003.264759106914,3582.6475910691497,9,101
1466,-inf,-9762.130776110183,4671.307761101839,10,101
1467,-inf,-9491.797530053913,3467.975300539136,9,101
1468,-inf,-9310.17574716439,4151.757471643903,10,101
1469,-inf,-9778.123991890237,4831.239918902381,10,101
1470,inf,-7806.987790283292,4119.877902832925,10,101
1471,inf,-7336.664459622876,4416.644596228764,10,101
1472,-inf,-10066.664225733655,3716.6422573365517,8,101
1473,inf,-5012.323528302782,4173.235283027816,10,101
1474,-inf,-9855.144761533433,4101.447615334326,11,101
1475,-inf,-9338.81397045512,4438.139704551201,10,101
1476,inf,-6698.665928351842,4036.659283518422,10,101
1477,-inf,-9626.395954765097,4313.959547650974,10,101
1478,-inf,-9325.658783907913,3306.587839079124,8,101
1479,-inf,-10002.307783607052,3573.0778360705253,9,101
1480,inf,-8098.2846526100075,4032.8465261000806,10,101
1481,-inf,-9121.789205067906,4267.892050679062,10,101
1482,-inf,-9350.02498895917,4550.24988959171,10,101
1483,inf,-8554.814804518786,3598.148045187863,8,101
1484,-inf,-9677.283211495534,4822.832114955354,10,101
1485,inf,-8619.125896456784,4241.258964567837,10,101
1486,-inf,-9913.449020343993,3684.490203439936,9,101
1487,inf,-8085.040820175891,3400.4082017589176,9,101
1488,inf,-8709.458715406941,4144.587154069422,10,101
1489,-inf,-9499.768004737296,3547.6800473729504,9,101
1490,-inf,-9800.798561306603,4057.9856130660346,10,101
1491,-inf,-9161.085567846625,3660.855678466247,8,101
1492,-inf,-9183.943287372693,3889.4328737269348,10,101
1493,inf,-8834.297158452473,4392.9715845247265,10,101
1494,-inf,-9652.611131780845,4076.111317808442,11,101
1495,-inf,-10178.73678491814,3337.367849181381,9,101
1496,-inf,-10071.6316550214,4766.316550213988,10,101
1497,inf,-8412.873026334877,4178.73026334878,10,101
1498,inf,-7478.266734285307,3832.667342853078,10,101
1499,-inf,-9673.432405696296,4784.324056962958,10,101
1500,-inf,-9751.947420553546,4569.474205535469,10,101
1501,inf,-8722.675907000827,3776.759070008266,9,101
1502,inf,-8704.339239363293,4093.3923936329306,10,101
1503,-inf,-9109.222637238987,4142.226372389862,10,101
1504,-inf,-9140.085946853469,3450.8594685346866,8,101
1505,-inf,-9257.22253898445,3622.2253898444947,8,101
1506,-inf,-10078.657602607549,4836.5760260754805,10,101
1507,-inf,-10057.440409278168,4624.404092781674,10,101
1508,inf,-8055.596501407348,3605.965014073487,8,101
1509,-inf,-9431.300355494372,4363.003554943726,10,101
1510,inf,-8978.70723794003,4837.0723794003015,10,101
1511,inf,-7229.352240059556,3343.5224005955574,10,101
1512,-inf,-9423.923525936996,4289.235259369961,10,101
1513,-inf,-9896.581914356273,3515.819143562721,9,101
1514,inf,-7943.829393382135,3988.2939338213514,11,101
1515,-inf,-9114.87955801472,4198.795580147207,10,101
1516,-inf,-9654.755054736761,4597.550547367605,10,101
1517,inf,-8944.724544541441,3997.2454454144204,11,101
1518,-inf,-9438.309030340693,3433.090303406927,8,101
1519,-inf,-9111.537940976512,4165.37940976511,10,101
1520,-inf,-9411.507736604013,4165.077366040134,10,101
1521,-inf,-9977.731178011803,4827.311780118024,10,101
1522,inf,-8916.295143529625,4212.951435296247,10,101
1523,-inf,-9358.335178386653,4133.351783866528,11,101
1524,-inf,-10094.75154171687,4497.515417168704,9,101
1525,-inf,-9519.094623031115,4240.946230311147,10,101
1526,-inf,-9669.822213955213,4748.222139552133,10,101
1527,-inf,-9474.957607858509,3799.576078585089,8,101
1528,-inf,-9463.660009546871,4186.600095468713,11,101
1529,-inf,-9908.208278317226,4132.082783172258,10,101
1530,-inf,-9432.850903508275,4878.509035082751,9,101
1531,-inf,-9865.545153543935,4705.45153543936,10,101
1532,-inf,-9624.567277329228,3795.6727732922905,9,101
1533,inf,-8028.549903642368,4335.499036423671,10,101
1534,inf,-8893.48655938716,3484.865593871593,9,101
1535,inf,-8755.595258302856,3605.9525830285643,8,101
1536,inf,-8031.5513134991015,4365.5131349910225,10,101
1537,-inf,-10177.592288204849,4825.922882048483,10,101
1538,-inf,-9904.808562931941,4098.085629319417,10,101
1539,-inf,-9986.971518193839,3419.7151819383894,9,101
1540,-inf,-9678.379687937208,4833.796879372076,10,101
1541,inf,-9336.443374378605,4414.433743786042,10,101
1542,-inf,-10058.468433497692,4634.684334976929,10,101
1543,inf,-8258.938797378607,3639.3879737860684,8,101
1544,-inf,-9441.065252029573,3460.652520295741,8,101
1545,inf,-7098.413387672728,4034.1338767272805,10,101
1546,inf,-5364.859362538413,4198.593625384125,11,101
1547,-inf,-9861.018542239908,3660.185422399081,8,101
1548,inf,-8214.082098495897,4190.820984958976,10,101
1549,-inf,-9199.43319679752,4044.331967975191,10,101
1550,-inf,-9382.03501350015,4870.350135001498,10,101
1551,-inf,-9760.463638998486,3654.6363899848548,8,101
1552,-inf,-9750.885099251649,4558.850992516487,10,101
1553,inf,-8946.936105951556,4019.3610595155596,11,101
1554,-inf,-10163.747842496101,4687.478424961018,10,101
1555,inf,-8247.508969868217,3525.0896986821654,8,101
1556,-inf,-9750.35922140748,3553.592214074792,8,101
1557,inf,-8395.581583978028,5005.8158397802745,10,101
1558,-inf,-9281.330867379349,4863.308673793484,10,101
1559,-inf,-9403.742379511972,4087.4237951197156,10,101
1560,-inf,-9247.068968778369,4020.689687783684,11,101
1561,-inf,-9630.089481757288,3350.894817572877,8,101
1562,-inf,-9959.23763765781,3642.3763765781,8,101
1563,inf,-9230.844740800301,3358.4474080030204,8,101
1564,inf,-8858.948253632752,3639.4825363275204,8,101
1565,-inf,-9957.854109761778,3628.541097617778,8,101
1566,-inf,-10053.677431886508,3586.7743188650747,8,101
1567,inf,-8525.517780523482,3305.177805234826,10,101
1568,inf,-8880.360776988011,4853.607769880112,10,101
1569,-inf,-9483.087216000882,4880.872160008828,10,101
1570,inf,-8893.153133374335,3981.531333743351,10,101
1571,inf,-8818.346507092836,4233.465070928354,10,101
1572,inf,-9181.148442465985,3861.4844246598427,10,101
1573,-inf,-10361.591387323,3665.9138732299975,8,101
1574,-inf,-10045.949747866684,4509.497478666834,10,101
1575,-inf,-9947.280897237608,3522.808972376069,8,101
1576,-inf,-9640.6412084805,3456.412084804995,8,101
1577,-inf,-10293.633865480368,4986.3386548036815,10,101
1578,inf,-8120.298876201301,4252.988762013001,10,101
1579,inf,-8513.669769001242,3686.6976900124246,9,101
1580,-inf,-9761.525804070407,4665.258040704067,10,101
1581,inf,-5805.370967909037,4103.709679090371,10,101
1582,inf,-8905.372215487,4103.722154869992,10,101
1583,-inf,-9652.726764849309,4577.267648493089,10,101
1584,-inf,-10060.910568263434,4659.10568263435,10,101
1585,-inf,-9813.936864291616,4189.368642916162,10,101
1586,inf,-5772.480901241639,4274.809012416389,11,101
1587,-inf,-9515.883256107745,4208.83256107745,10,101
1588,inf,-8614.14041639389,4191.404163938888,10,101
1589,-inf,-9618.881467989806,3738.8146798980656,9,101
1590,-inf,-9680.742779191469,4857.427791914695,10,101
1591,inf,-8720.296663083267,4252.966630832665,10,101
1592,inf,-8318.164872580317,3731.6487258031602,9,101
1593,inf,-8499.262686370224,4042.626863702244,10,101
1594,inf,-8858.593231359246,4135.932313592457,11,101
1595,-inf,-9882.570572441638,4875.705724416391,10,101
1596,inf,-8586.492123996199,3914.921239961981,10,101
1597,-inf,-9416.0299676538,4210.299676538001,10,101
1598,-inf,-9700.70343484103,3557.0343484102987,9,101
1599,-inf,-9276.431802027402,3814.3180202740223,10,101
1600,inf,-6119.994553794442,4249.945537944418,10,101
1601,-inf,-9343.176062564198,3981.7606256419804,11,101
1602,-inf,-9904.003059436398,3590.0305943639783,9,101
1603,-inf,-9121.384552823143,4263.845528231438,10,101
1604,-inf,-9299.786317642762,4047.8631764276242,10,101
1605,-inf,-9483.2536118391,3382.536118391008,9,101
1606,-inf,-10111.852441611501,4668.524416115013,9,101
1607,-inf,-9517.911191136354,4229.11191136354,10,101
1608,inf,-9133.122000405341,3381.2200040534053,8,101
1609,-inf,-9249.85227123475,4548.522712347495,10,101
1610,inf,-7319.868213445043,4248.682134450433,10,101
1611,inf,-7802.84132890641,4078.413289064102,10,101
1612,-inf,-9193.025817774711,3480.258177747113,9,101
1613,inf,-5290.052399838697,4450.52399838697,11,101
1614,inf,-8474.240980547478,3792.40980547478,8,101
1615,inf,-8437.765581700505,3927.655817005045,11,101
1616,-inf,-9758.119015577377,4631.1901557737665,10,101
1617,-inf,-9211.60771343325,4166.077134332501,10,101
1618,inf,-8180.017255066705,4850.172550667059,10,101
1619,-inf,-8962.701679719608,4177.016797196081,11,101
1620,inf,-7379.996926698696,4349.9692669869655,11,101
1621,-inf,-9089.925260419132,3949.252604191308,10,101
1622,-inf,-8689.659219634814,3446.5921963481355,9,101
1623,inf,-5511.602828786602,4166.028287866018,10,101
1624,-inf,-9735.76226591772,4407.622659177191,10,101
1625,inf,-8385.823101936518,3908.2310193651733,10,101
1626,-inf,-9056.455813045075,4614.558130450742,10,101
1627,inf,-5096.351278621909,4013.512786219086,10,101
1628,-inf,-9982.590535756792,4875.905357567919,10,101
1629,-inf,-9702.657665322073,3576.576653220721,9,101
1630,inf,-5792.7044330014505,3977.0443300145025,10,101
1631,-inf,-9876.594699074863,3815.9469907486255,8,101
1632,-inf,-9913.969610264556,4689.696102645559,11,101
1633,-inf,-10053.744413417082,4587.4441341708225,10,101
1634,-inf,-9775.645923984404,4806.459239844047,10,101
1635,-inf,-9083.973845952329,4389.738459523297,11,101
1636,-inf,-9366.213753494703,4712.137534947034,10,101
1637,-inf,-9867.990018335593,4729.900183355932,10,101
1638,-inf,-9774.103228913973,4791.03228913974,10,101
1639,-inf,-9536.573000203645,4415.730002036447,10,101
1640,inf,-9089.125675378365,3941.2567537836517,10,101
1641,inf,-8898.555921542908,4535.559215429073,11,101
1642,-inf,-9567.837716940445,4728.37716940445,10,101
1643,-inf,-9707.081896186133,4620.818961861327,9,101
1644,-inf,-9463.610132059586,3686.1013205958666,8,101
1645,inf,-8402.391871241376,3573.9187124137516,9,101
1646,-inf,-10003.341917528414,3583.4191752841452,9,101
1647,-inf,-10328.099156203005,3330.9915620300458,8,101
1648,inf,-9157.080710672984,4120.80710672984,11,101
1649,-inf,-9593.702792083788,3487.027920837887,9,101
1650,inf,-8670.82114306094,3758.2114306094136,10,101
1651,inf,-8358.691042388878,4136.9104238887885,11,101
1652,inf,-9044.883328119395,3498.8332811939426,8,101
1653,-inf,-9549.137388400603,4541.373884006018,10,101
1654,inf,-8944.408369616838,3494.083696168387,8,101
1655,-inf,-9383.435424602205,3384.3542460220574,9,101
1656,inf,-8558.012657202498,4630.126572024979,10,101
1657,-inf,-9804.765127719178,4097.651277191779,10,101
1658,-inf,-9982.843196935823,4878.431969358229,10,101
1659,-inf,-9916.30304694794,4713.030469479393,11,101
1660,-inf,-9818.795639872038,3237.9563987203696,8,101
1661,inf,-9123.67948568174,4286.794856817395,10,101
1662,inf,-6982.29046624486,3872.9046624485945,10,101
1663,-inf,-9434.409537032494,4394.0953703249315,10,101
1664,inf,-7596.635133027192,4016.351330271914,10,101
1665,-inf,-10059.73817705409,3647.3817705409124,8,101
1666,-inf,-10149.45315258977,5044.531525897682,11,101
1667,inf,-9115.843474110146,4208.434741101468,10,101
1668,-inf,-9452.991274832626,3579.9127483262555,8,101
1669,inf,-8883.158920412812,3881.5892041281218,10,101
1670,-inf,-9337.809542299923,3428.0954229992276,8,101
1671,-inf,-9759.315845064273,4643.158450642727,10,101
1672,-inf,-9837.70377094665,4927.037709466504,11,101
1673,inf,-7257.10650803111,4621.065080311098,10,101
1674,-inf,-9391.998195286287,3969.9819528628695,10,101
1675,inf,-8310.514389569376,4155.1438956937545,10,101
1676,inf,-4976.2548971974,3812.548971974002,10,101
1677,-inf,-9716.210935859865,4212.1093585986455,10,101
1678,-inf,-10037.94748705905,4429.474870590487,10,101
1679,inf,-6959.291655942578,4142.916559425773,11,101
1680,-inf,-9763.528956237238,4685.289562372392,10,101
1681,-inf,-9057.741479959635,4127.414799596361,11,101
1682,inf,-8460.670886409182,4156.708864091808,11,101
1683,-inf,-8854.275272804207,4592.752728042072,10,101
1684,inf,-8604.916764098149,4099.167640981489,10,101
1685,inf,-7598.22760335611,4032.276033561099,10,101
1686,-inf,-9212.522984989278,4675.229849892787,11,101
1687,-inf,-9991.304548095093,3463.0454809509265,9,101
1688,inf,-8505.99786889179,4109.978688917916,10,101
1689,inf,-8305.600926750263,3606.009267502625,9,101
1690,-inf,-9558.946288692568,3639.462886925692,8,101
1691,-inf,-9502.754133461898,4077.5413346189903,10,101
1692,inf,-6398.167843257745,4031.6784325774497,10,101
1693,-inf,-9028.659371276524,4336.59371276525,10,101
1694,-inf,-8890.319024104308,3953.19024104309,10,101
1695,-inf,-8985.614081822643,3906.1408182264363,10,101
1696,-inf,-9203.36492746271,4083.649274627099,10,101
1697,-inf,-8785.28473312469,3902.8473312469037,10,101
1698,inf,-8739.220905815308,4442.209058153068,10,101
1699,-inf,-9361.864282424369,3668.6428242436964,8,101
1700,-inf,-8891.762572972435,4467.625729724344,11,101
1701,-inf,-9689.451439405591,4944.514394055922,10,101
1702,inf,-8897.707498789661,4027.074987896609,10,101
1703,-inf,-9009.43306760992,4144.330676099207,10,101
1704,-inf,-9121.79502797468,4767.950279746804,11,101
1705,-inf,-9741.669261462856,3466.6926146285605,8,101
1706,inf,-7929.938660184378,3349.386601843776,10,101
1707,-inf,-10031.287045999523,4362.870459995223,10,101
1708,inf,-6912.42754985502,4174.275498550196,10,101
1709,-inf,-9773.42950985418,4784.2950985418065,10,101
1710,inf,-5225.521167525688,4305.211675256881,10,101
1711,inf,-5797.944871188203,4029.4487118820366,10,101
1712,-inf,-9567.681249702497,3726.812497024969,8,101
1713,inf,-7319.288231911703,4242.882319117036,10,101
1714,-inf,-9639.1792365626,3441.7923656260086,8,101
1715,inf,-8009.04523388394,4140.4523388394,10,101
1716,-inf,-9179.885458286595,3348.854582865946,9,101
1717,-inf,-9200.913039288424,4059.1303928842312,10,101
1718,-inf,-9937.190546213205,4421.905462132059,10,101
1719,-inf,-9135.31778983623,4403.177898362307,10,101
1720,-inf,-9647.846831937772,4528.468319377726,10,101
1721,-inf,-9350.174985690424,3551.749856904246,8,101
1722,-inf,-9896.983878161114,4019.8387816111526,10,101
1723,-inf,-9659.01989577528,4640.1989577528075,10,101
1724,-inf,-9631.856893058215,3368.5689305821593,8,101
1725,inf,-5304.596071458645,4095.9607145864534,10,101
1726,-inf,-9783.588170443663,3385.881704436628,9,101
1727,-inf,-10021.018364796688,3760.1836479668696,9,101
1728,-inf,-9516.491416875293,4214.914168752927,10,101
1729,-inf,-9348.979863636028,4539.798636360293,10,101
1730,-inf,-10091.042088268485,4960.420882684838,10,101
1731,inf,-8584.749739556564,3897.497395565648,10,101
1732,-inf,-9910.467075513076,3654.670755130746,9,101
1733,inf,-6327.139078906942,4321.390789069417,10,101
1734,inf,-8040.643676106378,3956.436761063769,11,101
1735,-inf,-9760.6509200947,4656.509200947008,10,101
1736,-inf,-9178.48251703168,4334.825170316796,11,101
1737,inf,-8865.111867067344,4201.118670673435,11,101
1738,-inf,-10003.405757571112,3584.057575711119,9,101
1739,-inf,-9067.494972753044,4724.949727530441,10,101
1740,inf,-8009.203184375972,4142.0318437597125,10,101
1741,-inf,-9813.362127448192,4683.621274481919,9,101
1742,-inf,-9277.59893773043,4825.9893773043,10,101
1743,-inf,-9870.301289496321,4753.012894963217,10,101
1744,-inf,-10250.442785086077,3554.427850860769,8,101
1745,inf,-7360.6577323735155,4156.577323735158,11,101
1746,-inf,-9319.362695940019,4743.626959400184,9,101
1747,inf,-9065.099940270446,4700.999402704456,10,101
1748,inf,-8732.434515709327,4374.345157093275,10,101
1749,inf,-8598.955511586306,5039.555115863062,10,101
1750,-inf,-9247.673185756837,3526.7318575683666,8,101
1751,inf,-6733.126255450206,3881.262554502069,11,101
1752,-inf,-10116.83618503973,3718.361850397315,9,101
1753,-inf,-9707.036664032592,4120.366640325927,10,101
1754,-inf,-9589.054340777042,3440.543407770426,9,101
1755,-inf,-9949.34836223229,3543.4836223228976,8,101
1756,-inf,-9472.532047919283,4775.320479192837,10,101
1757,-inf,-10013.510348766533,3685.10348766533,9,101
1758,inf,-9137.046702887417,3920.4670288741763,11,101
1759,-inf,-9668.766809203842,4237.668092038419,11,101
1760,inf,-7405.618600576069,4106.186005760692,10,101
1761,-inf,-9607.255906003338,3622.55906003339,9,101
1762,inf,-9031.494405298185,4364.94405298185,10,101
1763,-inf,-9354.563554327922,4595.635543279215,10,101
1764,inf,-8283.82958302482,3888.295830248211,10,101
1765,-inf,-9876.087126809918,4810.871268099188,10,101
1766,inf,-8942.260760695652,3972.6076069565106,11,101
1767,-inf,-9897.362117228531,3523.6211722853095,9,101
1768,inf,-9110.820902629303,4158.209026293026,10,101
1769,inf,-8915.791683588792,4207.916835887916,10,101
1770,-inf,-9501.411235629324,4064.112356293237,10,101
1771,inf,-5701.132690414219,4061.326904142186,10,101
1772,-inf,-9486.749565265325,3417.4956526532465,9,101
1773,-inf,-9577.410635526461,4324.106355264609,11,101
1774,-inf,-9507.691371566147,3626.913715661474,9,101
1775,-inf,-9298.083795026017,3530.8379502601815,9,101
1776,-inf,-10005.647966409315,4106.4796640931545,10,101
1777,-inf,-9841.626326770744,4466.263267707435,10,101
1778,inf,-8711.303691925925,4163.036919259258,10,101
1779,inf,-5670.76739177789,4257.673917778903,11,101
1780,-inf,-9899.46589025408,5044.658902540792,10,101
1781,-inf,-9606.295766850199,4112.95766850199,10,101
1782,-inf,-9671.50065770542,3765.0065770541905,8,101
1783,inf,-8553.471260771492,4584.712607714917,10,101
1784,-inf,-9259.574570147728,3645.7457014772876,8,101
1785,-inf,-9296.15164688967,4011.5164688966915,10,101
1786,-inf,-9563.64234715401,4686.4234715401,10,101
1787,-inf,-9547.403802807043,4524.038028070427,10,101
1788,inf,-9107.918033624597,4129.180336245978,10,101
1789,inf,-8687.766211987862,3927.6621198786133,10,101
1790,-inf,-9131.302672787348,3363.0267278734786,8,101
1791,inf,-5859.6041580845,4146.041580845003,11,101
1792,-inf,-9365.51451080742,4205.145108074196,11,101
1793,-inf,-9147.898635744321,4528.986357443217,10,101
1794,-inf,-9440.386824195373,3953.8682419537377,11,101
1795,-inf,-9127.99829606128,4329.982960612789,10,101
1796,inf,-8014.3208250066455,3693.208250066457,9,101
1797,-inf,-8985.174026941595,4401.7402694159555,11,101
1798,inf,-8688.88482431761,3938.848243176097,10,101
1799,-inf,-9880.695188790776,4856.951887907766,10,101
1800,-inf,-9686.984343384296,3419.843433842967,9,101
1801,inf,-5916.284464737397,4212.844647373967,10,101
1802,-inf,-9903.951548634468,5089.515486344671,10,101
1803,-inf,-9487.899871617255,3428.9987161725558,9,101
1804,inf,-8852.765041229904,4077.650412299046,11,101
1805,-inf,-9603.255387309688,4582.553873096876,11,101
1806,-inf,-9588.264985402384,4932.649854023847,10,101
1807,inf,-7490.44871636371,3954.487163637105,10,101
1808,-inf,-9760.987751195076,4659.877511950773,10,101
1809,-inf,-9474.466766301637,4794.667663016368,10,101
1810,-inf,-9983.943768230749,4389.437682307484,9,101
1811,-inf,-9462.208828309407,4172.0882830940645,11,101
1812,inf,-7881.535511080221,4365.35511080221,11,101
1813,inf,-8947.05987503403,4020.59875034031,11,101
1814,-inf,-9110.166138107166,3651.6613810716676,9,101
1815,-inf,-9631.530966088181,4365.309660881818,10,101
1816,inf,-8877.204957569025,4822.049575690249,10,101
1817,-inf,-9654.09301983406,4090.930198340591,11,101
1818,inf,-8993.186095436527,3481.8609543652797,9,101
1819,inf,-4827.745899933686,4327.458999336862,10,101
1820,-inf,-9771.911781553921,4769.11781553922,10,101
1821,inf,-8082.631694835525,3876.3169483552556,10,101
1822,-inf,-9080.025513902117,3350.255139021183,9,101
1823,-inf,-9006.505149479339,4115.051494793387,10,101
1824,-inf,-9562.563565994917,3675.635659949163,8,101
1825,-inf,-9293.803087334716,3488.030873347164,9,101
1826,-inf,-10181.526529932136,4865.2652993213715,10,101
1827,-inf,-9272.610096673485,4776.100966734846,10,101
1828,inf,-7499.756767535998,4547.567675359979,11,101
1829,-inf,-9231.17343844863,4361.73438448629,10,101
1830,inf,-8555.682010557211,4606.820105572108,10,101
1831,-inf,-9856.082072549565,3610.820725495661,8,101
1832,inf,-5412.495610794578,4174.95610794578,10,101
1833,-inf,-9079.318385770299,3343.183857702988,9,101
1834,-inf,-9067.298656785988,4222.986567859885,11,101
1835,-inf,-9505.874727733668,4608.747277336681,9,101
1836,inf,-6354.630695242957,4096.306952429562,11,101
1837,inf,-8201.790420571906,3567.9042057190672,9,101
1838,-inf,-9310.843813264753,3658.4381326475427,9,101
1839,-inf,-9850.26672188119,4552.667218811897,10,101
1840,-inf,-9728.547842843129,4335.478428431293,10,101
1841,-inf,-9821.044330999226,3260.4433099922685,8,101
1842,-inf,-9513.914120671187,4189.141206711864,10,101
1843,-inf,-9380.581384762494,4855.813847624936,10,101
1844,-inf,-9171.568657574995,4765.686575749957,10,101
1845,inf,-8351.824743865649,4068.2474386564827,11,101
1846,inf,-8805.022531841123,4100.225318411231,10,101
1847,inf,-7806.645461599153,4116.454615991538,10,101
1848,-inf,-9869.246100355149,4742.46100355149,10,101
1849,-inf,-9227.499202451274,4324.992024512734,10,101
1850,-inf,-9186.868941791712,4918.689417917118,10,101
1851,inf,-8111.69968287448,4166.996828744797,10,101
1852,-inf,-9886.980963308626,4919.809633086258,10,101
1853,-inf,-10000.568240081742,3555.6824008174253,9,101
1854,-inf,-9989.392871226213,3443.928712262138,9,101
1855,-inf,-9259.168991666875,4141.689916668753,11,101
1856,inf,-6866.55772350422,4215.577235042196,11,101
1857,-inf,-9489.891977826273,3948.9197782627375,10,101
1858,-inf,-9994.975096487387,3499.7509648738783,9,101
1859,-inf,-9175.52345055717,4805.234505571701,10,101
1860,-inf,-9123.883750353389,3788.8375035338795,9,101
1861,-inf,-9696.483043141783,3514.8304314178226,9,101
1862,-inf,-9905.251678557164,3602.5167855716327,9,101
1863,-inf,-9726.174377608675,3811.743776086752,11,101
1864,-inf,-10048.429815004287,3534.29815004287,8,101
1865,-inf,-9630.48740466674,4354.8740466674,10,101
1866,inf,-4878.066127347068,3830.66127347068,10,101
1867,-inf,-9363.354229631575,3683.5422963157594,8,101
1868,-inf,-9422.08431436716,4270.843143671598,10,101
1869,-inf,-9967.31620954486,4723.162095448604,10,101
1870,-inf,-9758.673070164248,4636.730701642485,10,101
1871,-inf,-9892.624319432894,3476.2431943289516,9,101
1872,-inf,-9402.215028657565,3572.1502865756547,9,101
1873,inf,-8752.672356405228,4576.723564052289,10,101
1874,inf,-9114.332018845875,4193.320188458739,10,101
1875,-inf,-9657.582748621999,4625.827486219988,10,101
1876,inf,-9206.408662017748,4114.08662017747,10,101
1877,-inf,-9732.93974772286,3379.397477228598,8,101
1878,-inf,-9508.263057072192,3632.6305707219226,9,101
1879,-inf,-9833.431372679135,4884.313726791347,11,101
1880,-inf,-9830.164395983498,4351.643959834974,10,101
1881,inf,-8178.859395549713,3838.5939554971146,10,101
1882,-inf,-9607.098951864955,3620.9895186495487,9,101
1883,-inf,-9950.572788150988,5055.727881509882,9,101
1884,-inf,-9402.517646747197,4075.176467471968,10,101
1885,inf,-7769.685208320585,4246.8520832058475,11,101
1886,inf,-8614.803706974566,4198.037069745658,10,101
1887,inf,-8221.333574864006,4263.3357486400555,10,101
1888,-inf,-9454.463996289123,3594.639962891238,8,101
1889,-inf,-9126.743507227364,3817.4350722736444,9,101
1890,inf,-8586.467735088994,4914.677350889934,10,101
1891,inf,-8959.01907925506,4140.190792550601,11,101
1892,-inf,-10028.102814387556,3331.0281438755565,8,101
1893,-inf,-9281.5932437472,4365.932437471992,11,101
1894,inf,-5563.701671808077,4187.016718080767,11,101
1895,-inf,-9528.268482501939,4332.684825019395,10,101
1896,-inf,-9712.102057769807,4171.0205776980765,10,101
1897,inf,-5607.300554770647,4123.005547706469,10,101
1898,-inf,-9119.86915372977,4248.691537297698,10,101
1899,-inf,-9702.676100420707,3576.761004207072,9,101
1900,inf,-8763.06591675454,4180.659167545405,11,101
1901,-inf,-9743.355509351162,3483.5550935116175,8,101
1902,-inf,-9442.99238480433,4479.9238480433105,10,101
1903,-inf,-9310.38483974984,3653.8483974984065,9,101
1904,-inf,-9600.491678601244,4054.916786012432,10,101
1905,inf,-8778.707930355255,4337.07930355255,11,101
1906,-inf,-10097.800714276122,3528.007142761213,9,101
1907,inf,-8590.453494167641,4954.5349416764075,10,101
1908,-inf,-9204.607613792416,3596.0761379241544,9,101
1909,inf,-8181.819493417439,4368.194934174383,11,101
1910,-inf,-9658.500418537435,4635.004185374346,10,101
1911,inf,-8852.149954690414,4071.4995469041382,11,101
1912,inf,-5672.791387120559,4277.913871205593,11,101
1913,-inf,-9804.18635318996,3591.8635318995975,9,101
1914,-inf,-9937.664027953957,3426.640279539566,8,101
1915,-inf,-9093.884465575857,4988.844655758562,10,101
1916,-inf,-8977.829066217066,4328.290662170662,11,101
1917,inf,-5118.285568821267,4232.855688212667,10,101
1918,inf,-8186.503443030579,3415.03443030578,9,101
1919,inf,-7981.658312522804,3366.5831252280454,9,101
1920,-inf,-9667.321543518363,4723.215435183626,10,101
1921,-inf,-9265.961932778311,4209.619327783115,11,101
1922,-inf,-8669.817948621832,4248.179486218326,11,101
1923,-inf,-10060.54611862585,3655.461186258508,8,101
1924,-inf,-9169.918500609063,4749.185006090635,10,101
1925,inf,-7345.76516116755,4007.6516116754983,11,101
1926,inf,-5397.220870832447,4022.208708324474,10,101
1927,-inf,-9452.831565002936,4578.315650029371,10,101
1928,-inf,-9403.740193312144,3587.401933121433,9,101
1929,-inf,-9719.774331096829,3747.743310968286,9,101
1930,inf,-8397.632677008667,4026.3267700866627,10,101
1931,-inf,-8989.846886944893,4448.468869448937,11,101
1932,-inf,-8996.804192250143,3518.041922501426,9,101
1933,inf,-4878.325841126635,4333.2584112663535,11,101
1934,-inf,-9201.385326601488,4063.8532660148867,10,101
1935,-inf,-8821.811306118541,4268.1130611854205,10,101
1936,-inf,-9848.055188237327,3530.551882373269,8,101
1937,inf,-5773.167502845257,4281.675028452573,11,101
1938,-inf,-9130.133117937039,4351.3311793703815,10,101
1939,-inf,-9467.86119123798,3728.611912379804,8,101
1940,-inf,-9719.910552416613,4249.105524166127,10,101
1941,-inf,-9254.978193703424,4599.78193703423,10,101
1942,-inf,-8858.104647521688,4131.046475216874,11,101
1943,-inf,-8927.3443123086,4323.4431230859955,10,101
1944,-inf,-8800.41041374131,4054.1041374131,10,101
1945,inf,-8212.53657023185,4175.3657023185115,10,101
1946,-inf,-9780.852296435904,3858.522964359044,10,101
1947,-inf,-9689.832113097029,4948.321130970279,10,101
1948,-inf,-9305.49005781238,3604.9005781238034,9,101
1949,inf,-6560.363205767881,4153.632057678806,11,101
1950,-inf,-8810.708241809241,4157.082418092418,10,101
1951,-inf,-9708.521764689505,4635.217646895059,11,101
1952,-inf,-8877.513088367446,4825.130883674455,10,101
1953,-inf,-9733.820795381638,3388.207953816387,8,101
1954,inf,-8420.092122328042,4250.92122328042,10,101
1955,-inf,-10081.139869887174,3361.3986988717406,9,101
1956,inf,-8913.266472191206,4182.664721912057,10,101
1957,-inf,-9314.179718415815,4191.797184158154,10,101
1958,inf,-5954.782800040427,4097.828000404271,11,101
1959,inf,-8696.27534336937,4012.7534336936997,10,101
1960,-inf,-9084.259890278938,4892.598902789382,10,101
1961,-inf,-9750.583595514963,4555.835955149624,10,101
1962,-inf,-9021.520861831466,3265.20861831466,8,101
1963,-inf,-9609.69792599528,4146.979259952803,10,101
1964,-inf,-9170.116056475561,4751.160564755615,10,101
1965,inf,-8699.293336329982,4042.933363299827,10,101
1966,-inf,-9461.60853179409,3666.085317940907,8,101
1967,-inf,-9149.047035034751,4540.47035034752,10,101
1968,-inf,-9352.49339457682,3574.9339457682104,8,101
1969,inf,-8416.8966888664,4218.966888664006,10,101
1970,-inf,-9607.28803831491,3622.880383149098,9,101
1971,-inf,-10178.190656274517,4831.906562745169,10,101
1972,-inf,-10088.25634824047,3432.563482404695,9,101
1973,inf,-9062.437990781717,3674.379907817174,8,101
1974,-inf,-9571.982498773727,4769.824987737257,10,101
1975,-inf,-10366.741918597612,3717.4191859761186,8,101
1976,-inf,-9792.700496742276,3477.0049674227553,9,101
1977,-inf,-9721.568855487909,4265.68855487908,10,101
1978,-inf,-9716.438259098453,3714.3825909845245,9,101
1979,-inf,-9792.29080527923,3472.9080527922956,9,101
1980,inf,-9032.262523938247,4372.625239382466,10,101
1981,inf,-7862.6923308461355,4676.923308461352,10,101
1982,-inf,-9336.32153071044,3413.215307104409,8,101
1983,-inf,-9315.290629306506,4202.906293065069,10,101
1984,inf,-8742.348612717413,3473.486127174132,8,101
1985,inf,-8113.390718475133,4183.907184751326,10,101
1986,inf,-8384.95764669205,3899.5764669204946,10,101
1987,-inf,-9954.377513970821,4593.775139708209,10,101
1988,inf,-8750.382592849292,3553.8259284929236,8,101
1989,inf,-8537.969835930264,4429.698359302646,10,101
1990,-inf,-10093.666962918405,3486.669629184059,9,101
1991,inf,-8760.997314939146,4659.973149391457,10,101
1992,-inf,-9208.584759949284,3635.8475994928385,9,101
1993,-inf,-10135.855352061382,3908.553520613822,9,101
1994,inf,-8627.96505364633,3329.6505364632967,10,101
1995,-inf,-9584.992789412163,3899.9278941216244,10,101
1996,-inf,-9658.013707253042,4130.137072530408,11,101
1997,inf,-8119.234158916113,4242.341589161128,10,101
1998,-inf,-9166.792888058799,4217.928880587984,11,101
1999,-inf,-9884.35536823049,4893.553682304897,10,101
2000,inf,-8659.944419779735,4649.4441977973465,10,101
